This is XeTeX, Version 3.141592653-2.6-0.999997 (MiKTeX 25.4) (preloaded format=xelatex 2026.1.2)  28 APR 2026 23:50
entering extended mode
 restricted \write18 enabled.
 %&-line parsing enabled.
**./plantDiv20260427.tex
(plantDiv20260427.tex
LaTeX2e <2025-06-01> patch level 1
L3 programming layer <2025-06-09>
(C:\Users\dbarnett\AppData\Local\Programs\MiKTeX\tex/latex/base\article.cls
Document Class: article 2025/01/22 v1.4n Standard LaTeX document class
(C:\Users\dbarnett\AppData\Local\Programs\MiKTeX\tex/latex/base\size11.clo
File: size11.clo 2025/01/22 v1.4n Standard LaTeX file (size option)
)
\c@part=\count271
\c@section=\count272
\c@subsection=\count273
\c@subsubsection=\count274
\c@paragraph=\count275
\c@subparagraph=\count276
\c@figure=\count277
\c@table=\count278
\abovecaptionskip=\skip49
\belowcaptionskip=\skip50
\bibindent=\dimen148
) (C:\Users\dbarnett\AppData\Local\Programs\MiKTeX\tex/latex/xcolor\xcolor.sty
Package: xcolor 2024/09/29 v3.02 LaTeX color extensions (UK)

(C:\Users\dbarnett\AppData\Local\Programs\MiKTeX\tex/latex/graphics-cfg\color.c
fg
File: color.cfg 2016/01/02 v1.6 sample color configuration
)
Package xcolor Info: Driver file: xetex.def on input line 274.

(C:\Users\dbarnett\AppData\Local\Programs\MiKTeX\tex/latex/graphics-def\xetex.d
ef
File: xetex.def 2022/09/22 v5.0n Graphics/color driver for xetex
)
(C:\Users\dbarnett\AppData\Local\Programs\MiKTeX\tex/latex/graphics\mathcolor.l
tx)
Package xcolor Info: Model `cmy' substituted by `cmy0' on input line 1349.
Package xcolor Info: Model `RGB' extended on input line 1365.
Package xcolor Info: Model `HTML' substituted by `rgb' on input line 1367.
Package xcolor Info: Model `Hsb' substituted by `hsb' on input line 1368.
Package xcolor Info: Model `tHsb' substituted by `hsb' on input line 1369.
Package xcolor Info: Model `HSB' substituted by `hsb' on input line 1370.
Package xcolor Info: Model `Gray' substituted by `gray' on input line 1371.
Package xcolor Info: Model `wave' substituted by `hsb' on input line 1372.
)
(C:\Users\dbarnett\AppData\Local\Programs\MiKTeX\tex/latex/graphics\dvipsnam.de
f
File: dvipsnam.def 2016/06/17 v3.0m Driver-dependent file (DPC,SPQR)
) (C:\Users\dbarnett\AppData\Local\Programs\MiKTeX\tex/latex/xcolor\svgnam.def
File: svgnam.def 2024/09/29 v3.02 Predefined colors according to SVG 1.1 (UK)
) (C:\Users\dbarnett\AppData\Local\Programs\MiKTeX\tex/latex/xcolor\x11nam.def
File: x11nam.def 2024/09/29 v3.02 Predefined colors according to Unix/X11 (UK)
)
(C:\Users\dbarnett\AppData\Local\Programs\MiKTeX\tex/latex/geometry\geometry.st
y
Package: geometry 2020/01/02 v5.9 Page Geometry
(C:\Users\dbarnett\AppData\Local\Programs\MiKTeX\tex/latex/graphics\keyval.sty
Package: keyval 2022/05/29 v1.15 key=value parser (DPC)
\KV@toks@=\toks17
) (C:\Users\dbarnett\AppData\Local\Programs\MiKTeX\tex/generic/iftex\ifvtex.sty
Package: ifvtex 2019/10/25 v1.7 ifvtex legacy package. Use iftex instead.
(C:\Users\dbarnett\AppData\Local\Programs\MiKTeX\tex/generic/iftex\iftex.sty
Package: iftex 2024/12/12 v1.0g TeX engine tests
))
\Gm@cnth=\count279
\Gm@cntv=\count280
\c@Gm@tempcnt=\count281
\Gm@bindingoffset=\dimen149
\Gm@wd@mp=\dimen150
\Gm@odd@mp=\dimen151
\Gm@even@mp=\dimen152
\Gm@layoutwidth=\dimen153
\Gm@layoutheight=\dimen154
\Gm@layouthoffset=\dimen155
\Gm@layoutvoffset=\dimen156
\Gm@dimlist=\toks18

(C:\Users\dbarnett\AppData\Local\Programs\MiKTeX\tex/latex/geometry\geometry.cf
g)) (C:\Users\dbarnett\AppData\Local\Programs\MiKTeX\tex/latex/amsmath\amsmath.
sty
Package: amsmath 2025/06/16 v2.17y AMS math features
\@mathmargin=\skip51
For additional information on amsmath, use the `?' option.
(C:\Users\dbarnett\AppData\Local\Programs\MiKTeX\tex/latex/amsmath\amstext.sty
Package: amstext 2024/11/17 v2.01 AMS text
(C:\Users\dbarnett\AppData\Local\Programs\MiKTeX\tex/latex/amsmath\amsgen.sty
File: amsgen.sty 1999/11/30 v2.0 generic functions
\@emptytoks=\toks19
\ex@=\dimen157
)) (C:\Users\dbarnett\AppData\Local\Programs\MiKTeX\tex/latex/amsmath\amsbsy.st
y
Package: amsbsy 1999/11/29 v1.2d Bold Symbols
\pmbraise@=\dimen158
) (C:\Users\dbarnett\AppData\Local\Programs\MiKTeX\tex/latex/amsmath\amsopn.sty
Package: amsopn 2022/04/08 v2.04 operator names
)
\inf@bad=\count282
LaTeX Info: Redefining \frac on input line 233.
\uproot@=\count283
\leftroot@=\count284
LaTeX Info: Redefining \overline on input line 398.
LaTeX Info: Redefining \colon on input line 409.
\classnum@=\count285
\DOTSCASE@=\count286
LaTeX Info: Redefining \ldots on input line 495.
LaTeX Info: Redefining \dots on input line 498.
LaTeX Info: Redefining \cdots on input line 619.
\Mathstrutbox@=\box53
\strutbox@=\box54
LaTeX Info: Redefining \big on input line 721.
LaTeX Info: Redefining \Big on input line 722.
LaTeX Info: Redefining \bigg on input line 723.
LaTeX Info: Redefining \Bigg on input line 724.
\big@size=\dimen159
LaTeX Font Info:    Redeclaring font encoding OML on input line 742.
LaTeX Font Info:    Redeclaring font encoding OMS on input line 743.
\macc@depth=\count287
LaTeX Info: Redefining \bmod on input line 904.
LaTeX Info: Redefining \pmod on input line 909.
LaTeX Info: Redefining \smash on input line 939.
LaTeX Info: Redefining \relbar on input line 969.
LaTeX Info: Redefining \Relbar on input line 970.
\c@MaxMatrixCols=\count288
\dotsspace@=\muskip17
\c@parentequation=\count289
\dspbrk@lvl=\count290
\tag@help=\toks20
\row@=\count291
\column@=\count292
\maxfields@=\count293
\andhelp@=\toks21
\eqnshift@=\dimen160
\alignsep@=\dimen161
\tagshift@=\dimen162
\tagwidth@=\dimen163
\totwidth@=\dimen164
\lineht@=\dimen165
\@envbody=\toks22
\multlinegap=\skip52
\multlinetaggap=\skip53
\mathdisplay@stack=\toks23
LaTeX Info: Redefining \[ on input line 2949.
LaTeX Info: Redefining \] on input line 2950.
)
(C:\Users\dbarnett\AppData\Local\Programs\MiKTeX\tex/latex/amsfonts\amssymb.sty
Package: amssymb 2013/01/14 v3.01 AMS font symbols

(C:\Users\dbarnett\AppData\Local\Programs\MiKTeX\tex/latex/amsfonts\amsfonts.st
y
Package: amsfonts 2013/01/14 v3.01 Basic AMSFonts support
\symAMSa=\mathgroup4
\symAMSb=\mathgroup5
LaTeX Font Info:    Redeclaring math symbol \hbar on input line 98.
LaTeX Font Info:    Overwriting math alphabet `\mathfrak' in version `bold'
(Font)                  U/euf/m/n --> U/euf/b/n on input line 106.
))
(C:\Users\dbarnett\AppData\Local\Programs\MiKTeX\tex/latex/unicode-math\unicode
-math.sty (C:\Users\dbarnett\AppData\Local\Programs\MiKTeX\tex/latex/l3kernel\e
xpl3.sty
Package: expl3 2025-06-09 L3 programming layer (loader) 

(C:\Users\dbarnett\AppData\Local\Programs\MiKTeX\tex/latex/l3backend\l3backend-
xetex.def
File: l3backend-xetex.def 2025-06-09 L3 backend support: XeTeX
\g__graphics_track_int=\count294
\g__pdfannot_backend_int=\count295
\g__pdfannot_backend_link_int=\count296
))
Package: unicode-math 2023/08/13 v0.8r Unicode maths in XeLaTeX and LuaLaTeX

(C:\Users\dbarnett\AppData\Local\Programs\MiKTeX\tex/latex/unicode-math\unicode
-math-xetex.sty
Package: unicode-math-xetex 2023/08/13 v0.8r Unicode maths in XeLaTeX and LuaLa
TeX

(C:\Users\dbarnett\AppData\Local\Programs\MiKTeX\tex/latex/l3packages/xparse\xp
arse.sty
Package: xparse 2024-08-16 L3 Experimental document command parser
)
(C:\Users\dbarnett\AppData\Local\Programs\MiKTeX\tex/latex/l3packages/l3keys2e\
l3keys2e.sty
Package: l3keys2e 2024-08-16 LaTeX2e option processing using LaTeX3 keys
)
(C:\Users\dbarnett\AppData\Local\Programs\MiKTeX\tex/latex/fontspec\fontspec.st
y
Package: fontspec 2024/05/11 v2.9e Font selection for XeLaTeX and LuaLaTeX

(C:\Users\dbarnett\AppData\Local\Programs\MiKTeX\tex/latex/fontspec\fontspec-xe
tex.sty
Package: fontspec-xetex 2024/05/11 v2.9e Font selection for XeLaTeX and LuaLaTe
X
\l__fontspec_script_int=\count297
\l__fontspec_language_int=\count298
\l__fontspec_strnum_int=\count299
\l__fontspec_tmp_int=\count300
\l__fontspec_tmpa_int=\count301
\l__fontspec_tmpb_int=\count302
\l__fontspec_tmpc_int=\count303
\l__fontspec_em_int=\count304
\l__fontspec_emdef_int=\count305
\l__fontspec_strong_int=\count306
\l__fontspec_strongdef_int=\count307
\l__fontspec_tmpa_dim=\dimen166
\l__fontspec_tmpb_dim=\dimen167
\l__fontspec_tmpc_dim=\dimen168
(C:\Users\dbarnett\AppData\Local\Programs\MiKTeX\tex/latex/base\fontenc.sty
Package: fontenc 2024/12/21 v2.1c Standard LaTeX package
)
(C:\Users\dbarnett\AppData\Local\Programs\MiKTeX\tex/latex/fontspec\fontspec.cf
g))) (C:\Users\dbarnett\AppData\Local\Programs\MiKTeX\tex/latex/base\fix-cm.sty
Package: fix-cm 2020/11/24 v1.1t fixes to LaTeX
(C:\Users\dbarnett\AppData\Local\Programs\MiKTeX\tex/latex/base\ts1enc.def
File: ts1enc.def 2001/06/05 v3.0e (jk/car/fm) Standard LaTeX file
LaTeX Font Info:    Redeclaring font encoding TS1 on input line 47.
LaTeX Encoding Info:    Redeclaring text command \capitalcedilla (encoding TS1)
 on input line 49.
LaTeX Encoding Info:    Redeclaring text command \capitalogonek (encoding TS1) 
on input line 52.
LaTeX Encoding Info:    Redeclaring text command \capitalgrave (encoding TS1) o
n input line 55.
LaTeX Encoding Info:    Redeclaring text command \capitalacute (encoding TS1) o
n input line 56.
LaTeX Encoding Info:    Redeclaring text command \capitalcircumflex (encoding T
S1) on input line 57.
LaTeX Encoding Info:    Redeclaring text command \capitaltilde (encoding TS1) o
n input line 58.
LaTeX Encoding Info:    Redeclaring text command \capitaldieresis (encoding TS1
) on input line 59.
LaTeX Encoding Info:    Redeclaring text command \capitalhungarumlaut (encoding
 TS1) on input line 60.
LaTeX Encoding Info:    Redeclaring text command \capitalring (encoding TS1) on
 input line 61.
LaTeX Encoding Info:    Redeclaring text command \capitalcaron (encoding TS1) o
n input line 62.
LaTeX Encoding Info:    Redeclaring text command \capitalbreve (encoding TS1) o
n input line 63.
LaTeX Encoding Info:    Redeclaring text command \capitalmacron (encoding TS1) 
on input line 64.
LaTeX Encoding Info:    Redeclaring text command \capitaldotaccent (encoding TS
1) on input line 65.
LaTeX Encoding Info:    Redeclaring text command \t (encoding TS1) on input lin
e 66.
LaTeX Encoding Info:    Redeclaring text command \capitaltie (encoding TS1) on 
input line 67.
LaTeX Encoding Info:    Redeclaring text command \newtie (encoding TS1) on inpu
t line 68.
LaTeX Encoding Info:    Redeclaring text command \capitalnewtie (encoding TS1) 
on input line 69.
LaTeX Encoding Info:    Redeclaring text symbol \textcapitalcompwordmark (encod
ing TS1) on input line 70.
LaTeX Encoding Info:    Redeclaring text symbol \textascendercompwordmark (enco
ding TS1) on input line 71.
LaTeX Encoding Info:    Redeclaring text symbol \textquotestraightbase (encodin
g TS1) on input line 72.
LaTeX Encoding Info:    Redeclaring text symbol \textquotestraightdblbase (enco
ding TS1) on input line 73.
LaTeX Encoding Info:    Redeclaring text symbol \texttwelveudash (encoding TS1)
 on input line 74.
LaTeX Encoding Info:    Redeclaring text symbol \textthreequartersemdash (encod
ing TS1) on input line 75.
LaTeX Encoding Info:    Redeclaring text symbol \textleftarrow (encoding TS1) o
n input line 76.
LaTeX Encoding Info:    Redeclaring text symbol \textrightarrow (encoding TS1) 
on input line 77.
LaTeX Encoding Info:    Redeclaring text symbol \textblank (encoding TS1) on in
put line 78.
LaTeX Encoding Info:    Redeclaring text symbol \textdollar (encoding TS1) on i
nput line 79.
LaTeX Encoding Info:    Redeclaring text symbol \textquotesingle (encoding TS1)
 on input line 80.
LaTeX Encoding Info:    Redeclaring text command \textasteriskcentered (encodin
g TS1) on input line 81.
LaTeX Encoding Info:    Redeclaring text symbol \textdblhyphen (encoding TS1) o
n input line 92.
LaTeX Encoding Info:    Redeclaring text symbol \textfractionsolidus (encoding 
TS1) on input line 93.
LaTeX Encoding Info:    Redeclaring text symbol \textzerooldstyle (encoding TS1
) on input line 94.
LaTeX Encoding Info:    Redeclaring text symbol \textoneoldstyle (encoding TS1)
 on input line 95.
LaTeX Encoding Info:    Redeclaring text symbol \texttwooldstyle (encoding TS1)
 on input line 96.
LaTeX Encoding Info:    Redeclaring text symbol \textthreeoldstyle (encoding TS
1) on input line 97.
LaTeX Encoding Info:    Redeclaring text symbol \textfouroldstyle (encoding TS1
) on input line 98.
LaTeX Encoding Info:    Redeclaring text symbol \textfiveoldstyle (encoding TS1
) on input line 99.
LaTeX Encoding Info:    Redeclaring text symbol \textsixoldstyle (encoding TS1)
 on input line 100.
LaTeX Encoding Info:    Redeclaring text symbol \textsevenoldstyle (encoding TS
1) on input line 101.
LaTeX Encoding Info:    Redeclaring text symbol \texteightoldstyle (encoding TS
1) on input line 102.
LaTeX Encoding Info:    Redeclaring text symbol \textnineoldstyle (encoding TS1
) on input line 103.
LaTeX Encoding Info:    Redeclaring text symbol \textlangle (encoding TS1) on i
nput line 104.
LaTeX Encoding Info:    Redeclaring text symbol \textminus (encoding TS1) on in
put line 105.
LaTeX Encoding Info:    Redeclaring text symbol \textrangle (encoding TS1) on i
nput line 106.
LaTeX Encoding Info:    Redeclaring text symbol \textmho (encoding TS1) on inpu
t line 107.
LaTeX Encoding Info:    Redeclaring text symbol \textbigcircle (encoding TS1) o
n input line 108.
LaTeX Encoding Info:    Redeclaring text command \textcircled (encoding TS1) on
 input line 109.
LaTeX Encoding Info:    Redeclaring text symbol \textohm (encoding TS1) on inpu
t line 115.
LaTeX Encoding Info:    Redeclaring text symbol \textlbrackdbl (encoding TS1) o
n input line 116.
LaTeX Encoding Info:    Redeclaring text symbol \textrbrackdbl (encoding TS1) o
n input line 117.
LaTeX Encoding Info:    Redeclaring text symbol \textuparrow (encoding TS1) on 
input line 118.
LaTeX Encoding Info:    Redeclaring text symbol \textdownarrow (encoding TS1) o
n input line 119.
LaTeX Encoding Info:    Redeclaring text symbol \textasciigrave (encoding TS1) 
on input line 120.
LaTeX Encoding Info:    Redeclaring text symbol \textborn (encoding TS1) on inp
ut line 121.
LaTeX Encoding Info:    Redeclaring text symbol \textdivorced (encoding TS1) on
 input line 122.
LaTeX Encoding Info:    Redeclaring text symbol \textdied (encoding TS1) on inp
ut line 123.
LaTeX Encoding Info:    Redeclaring text symbol \textleaf (encoding TS1) on inp
ut line 124.
LaTeX Encoding Info:    Redeclaring text symbol \textmarried (encoding TS1) on 
input line 125.
LaTeX Encoding Info:    Redeclaring text symbol \textmusicalnote (encoding TS1)
 on input line 126.
LaTeX Encoding Info:    Redeclaring text symbol \texttildelow (encoding TS1) on
 input line 127.
LaTeX Encoding Info:    Redeclaring text symbol \textdblhyphenchar (encoding TS
1) on input line 128.
LaTeX Encoding Info:    Redeclaring text symbol \textasciibreve (encoding TS1) 
on input line 129.
LaTeX Encoding Info:    Redeclaring text symbol \textasciicaron (encoding TS1) 
on input line 130.
LaTeX Encoding Info:    Redeclaring text symbol \textacutedbl (encoding TS1) on
 input line 131.
LaTeX Encoding Info:    Redeclaring text symbol \textgravedbl (encoding TS1) on
 input line 132.
LaTeX Encoding Info:    Redeclaring text symbol \textdagger (encoding TS1) on i
nput line 133.
LaTeX Encoding Info:    Redeclaring text symbol \textdaggerdbl (encoding TS1) o
n input line 134.
LaTeX Encoding Info:    Redeclaring text symbol \textbardbl (encoding TS1) on i
nput line 135.
LaTeX Encoding Info:    Redeclaring text symbol \textperthousand (encoding TS1)
 on input line 136.
LaTeX Encoding Info:    Redeclaring text symbol \textbullet (encoding TS1) on i
nput line 137.
LaTeX Encoding Info:    Redeclaring text symbol \textcelsius (encoding TS1) on 
input line 138.
LaTeX Encoding Info:    Redeclaring text symbol \textdollaroldstyle (encoding T
S1) on input line 139.
LaTeX Encoding Info:    Redeclaring text symbol \textcentoldstyle (encoding TS1
) on input line 140.
LaTeX Encoding Info:    Redeclaring text symbol \textflorin (encoding TS1) on i
nput line 141.
LaTeX Encoding Info:    Redeclaring text symbol \textcolonmonetary (encoding TS
1) on input line 142.
LaTeX Encoding Info:    Redeclaring text symbol \textwon (encoding TS1) on inpu
t line 143.
LaTeX Encoding Info:    Redeclaring text symbol \textnaira (encoding TS1) on in
put line 144.
LaTeX Encoding Info:    Redeclaring text symbol \textguarani (encoding TS1) on 
input line 145.
LaTeX Encoding Info:    Redeclaring text symbol \textpeso (encoding TS1) on inp
ut line 146.
LaTeX Encoding Info:    Redeclaring text symbol \textlira (encoding TS1) on inp
ut line 147.
LaTeX Encoding Info:    Redeclaring text symbol \textrecipe (encoding TS1) on i
nput line 148.
LaTeX Encoding Info:    Redeclaring text symbol \textinterrobang (encoding TS1)
 on input line 149.
LaTeX Encoding Info:    Redeclaring text symbol \textinterrobangdown (encoding 
TS1) on input line 150.
LaTeX Encoding Info:    Redeclaring text symbol \textdong (encoding TS1) on inp
ut line 151.
LaTeX Encoding Info:    Redeclaring text symbol \texttrademark (encoding TS1) o
n input line 152.
LaTeX Encoding Info:    Redeclaring text symbol \textpertenthousand (encoding T
S1) on input line 153.
LaTeX Encoding Info:    Redeclaring text symbol \textpilcrow (encoding TS1) on 
input line 154.
LaTeX Encoding Info:    Redeclaring text symbol \textbaht (encoding TS1) on inp
ut line 155.
LaTeX Encoding Info:    Redeclaring text symbol \textnumero (encoding TS1) on i
nput line 156.
LaTeX Encoding Info:    Redeclaring text symbol \textdiscount (encoding TS1) on
 input line 157.
LaTeX Encoding Info:    Redeclaring text symbol \textestimated (encoding TS1) o
n input line 158.
LaTeX Encoding Info:    Redeclaring text symbol \textopenbullet (encoding TS1) 
on input line 159.
LaTeX Encoding Info:    Redeclaring text symbol \textservicemark (encoding TS1)
 on input line 160.
LaTeX Encoding Info:    Redeclaring text symbol \textlquill (encoding TS1) on i
nput line 161.
LaTeX Encoding Info:    Redeclaring text symbol \textrquill (encoding TS1) on i
nput line 162.
LaTeX Encoding Info:    Redeclaring text symbol \textcent (encoding TS1) on inp
ut line 163.
LaTeX Encoding Info:    Redeclaring text symbol \textsterling (encoding TS1) on
 input line 164.
LaTeX Encoding Info:    Redeclaring text symbol \textcurrency (encoding TS1) on
 input line 165.
LaTeX Encoding Info:    Redeclaring text symbol \textyen (encoding TS1) on inpu
t line 166.
LaTeX Encoding Info:    Redeclaring text symbol \textbrokenbar (encoding TS1) o
n input line 167.
LaTeX Encoding Info:    Redeclaring text symbol \textsection (encoding TS1) on 
input line 168.
LaTeX Encoding Info:    Redeclaring text symbol \textasciidieresis (encoding TS
1) on input line 169.
LaTeX Encoding Info:    Redeclaring text symbol \textcopyright (encoding TS1) o
n input line 170.
LaTeX Encoding Info:    Redeclaring text symbol \textordfeminine (encoding TS1)
 on input line 171.
LaTeX Encoding Info:    Redeclaring text symbol \textcopyleft (encoding TS1) on
 input line 172.
LaTeX Encoding Info:    Redeclaring text symbol \textlnot (encoding TS1) on inp
ut line 173.
LaTeX Encoding Info:    Redeclaring text symbol \textcircledP (encoding TS1) on
 input line 174.
LaTeX Encoding Info:    Redeclaring text symbol \textregistered (encoding TS1) 
on input line 175.
LaTeX Encoding Info:    Redeclaring text symbol \textasciimacron (encoding TS1)
 on input line 176.
LaTeX Encoding Info:    Redeclaring text symbol \textdegree (encoding TS1) on i
nput line 177.
LaTeX Encoding Info:    Redeclaring text symbol \textpm (encoding TS1) on input
 line 178.
LaTeX Encoding Info:    Redeclaring text symbol \texttwosuperior (encoding TS1)
 on input line 179.
LaTeX Encoding Info:    Redeclaring text symbol \textthreesuperior (encoding TS
1) on input line 180.
LaTeX Encoding Info:    Redeclaring text symbol \textasciiacute (encoding TS1) 
on input line 181.
LaTeX Encoding Info:    Redeclaring text symbol \textmu (encoding TS1) on input
 line 182.
LaTeX Encoding Info:    Redeclaring text symbol \textparagraph (encoding TS1) o
n input line 183.
LaTeX Encoding Info:    Redeclaring text symbol \textperiodcentered (encoding T
S1) on input line 184.
LaTeX Encoding Info:    Redeclaring text symbol \textreferencemark (encoding TS
1) on input line 185.
LaTeX Encoding Info:    Redeclaring text symbol \textonesuperior (encoding TS1)
 on input line 186.
LaTeX Encoding Info:    Redeclaring text symbol \textordmasculine (encoding TS1
) on input line 187.
LaTeX Encoding Info:    Redeclaring text symbol \textsurd (encoding TS1) on inp
ut line 188.
LaTeX Encoding Info:    Redeclaring text symbol \textonequarter (encoding TS1) 
on input line 189.
LaTeX Encoding Info:    Redeclaring text symbol \textonehalf (encoding TS1) on 
input line 190.
LaTeX Encoding Info:    Redeclaring text symbol \textthreequarters (encoding TS
1) on input line 191.
LaTeX Encoding Info:    Redeclaring text symbol \texteuro (encoding TS1) on inp
ut line 192.
LaTeX Encoding Info:    Redeclaring text symbol \texttimes (encoding TS1) on in
put line 193.
LaTeX Encoding Info:    Redeclaring text symbol \textdiv (encoding TS1) on inpu
t line 194.
))
\g__um_fam_int=\count308
\g__um_fonts_used_int=\count309
\l__um_primecount_int=\count310
\g__um_primekern_muskip=\muskip18

(C:\Users\dbarnett\AppData\Local\Programs\MiKTeX\tex/latex/unicode-math\unicode
-math-table.tex))) (C:\Users\dbarnett\AppData\Local\Programs\MiKTeX\tex/latex/l
m\lmodern.sty
Package: lmodern 2015/05/01 v1.6.1 Latin Modern Fonts
LaTeX Font Info:    Overwriting symbol font `operators' in version `normal'
(Font)                  OT1/cmr/m/n --> OT1/lmr/m/n on input line 22.
LaTeX Font Info:    Overwriting symbol font `letters' in version `normal'
(Font)                  OML/cmm/m/it --> OML/lmm/m/it on input line 23.
LaTeX Font Info:    Overwriting symbol font `symbols' in version `normal'
(Font)                  OMS/cmsy/m/n --> OMS/lmsy/m/n on input line 24.
LaTeX Font Info:    Overwriting symbol font `largesymbols' in version `normal'
(Font)                  OMX/cmex/m/n --> OMX/lmex/m/n on input line 25.
LaTeX Font Info:    Overwriting symbol font `operators' in version `bold'
(Font)                  OT1/cmr/bx/n --> OT1/lmr/bx/n on input line 26.
LaTeX Font Info:    Overwriting symbol font `letters' in version `bold'
(Font)                  OML/cmm/b/it --> OML/lmm/b/it on input line 27.
LaTeX Font Info:    Overwriting symbol font `symbols' in version `bold'
(Font)                  OMS/cmsy/b/n --> OMS/lmsy/b/n on input line 28.
LaTeX Font Info:    Overwriting symbol font `largesymbols' in version `bold'
(Font)                  OMX/cmex/m/n --> OMX/lmex/m/n on input line 29.
LaTeX Font Info:    Overwriting math alphabet `\mathbf' in version `normal'
(Font)                  OT1/cmr/bx/n --> OT1/lmr/bx/n on input line 31.
LaTeX Font Info:    Overwriting math alphabet `\mathsf' in version `normal'
(Font)                  OT1/cmss/m/n --> OT1/lmss/m/n on input line 32.
LaTeX Font Info:    Overwriting math alphabet `\mathit' in version `normal'
(Font)                  OT1/cmr/m/it --> OT1/lmr/m/it on input line 33.
LaTeX Font Info:    Overwriting math alphabet `\mathtt' in version `normal'
(Font)                  OT1/cmtt/m/n --> OT1/lmtt/m/n on input line 34.
LaTeX Font Info:    Overwriting math alphabet `\mathbf' in version `bold'
(Font)                  OT1/cmr/bx/n --> OT1/lmr/bx/n on input line 35.
LaTeX Font Info:    Overwriting math alphabet `\mathsf' in version `bold'
(Font)                  OT1/cmss/bx/n --> OT1/lmss/bx/n on input line 36.
LaTeX Font Info:    Overwriting math alphabet `\mathit' in version `bold'
(Font)                  OT1/cmr/bx/it --> OT1/lmr/bx/it on input line 37.
LaTeX Font Info:    Overwriting math alphabet `\mathtt' in version `bold'
(Font)                  OT1/cmtt/m/n --> OT1/lmtt/m/n on input line 38.
)

Package fontspec Info: 
(fontspec)             Calibri scale = 0.9281669472528065.


Package fontspec Info: 
(fontspec)             Calibri scale = 1.


Package fontspec Info: 
(fontspec)             Calibri scale = 0.9281669472528065.


Package fontspec Info: 
(fontspec)             Calibri scale = 1.


Package fontspec Info: 
(fontspec)             Calibri scale = 0.9281669472528065.


Package fontspec Info: 
(fontspec)             Calibri scale = 1.


Package fontspec Info: 
(fontspec)             Calibri/B scale = 0.9194643042941868.


Package fontspec Info: 
(fontspec)             Calibri/B scale = 1.


Package fontspec Info: 
(fontspec)             Calibri/B scale = 0.9194643042941868.


Package fontspec Info: 
(fontspec)             Calibri/B scale = 1.


Package fontspec Info: 
(fontspec)             Calibri/I scale = 0.9223460788348333.


Package fontspec Info: 
(fontspec)             Calibri/I scale = 1.


Package fontspec Info: 
(fontspec)             Calibri/I scale = 0.9223460788348333.


Package fontspec Info: 
(fontspec)             Calibri/I scale = 1.


Package fontspec Info: 
(fontspec)             Calibri/BI scale = 0.9194643042941868.


Package fontspec Info: 
(fontspec)             Calibri/BI scale = 1.


Package fontspec Info: 
(fontspec)             Calibri/BI scale = 0.9194643042941868.


Package fontspec Info: 
(fontspec)             Calibri/BI scale = 1.


Package fontspec Info: 
(fontspec)             Font family 'Calibri(0)' created for font 'Calibri'
(fontspec)             with options
(fontspec)             [Scale=MatchLowercase,Ligatures=TeX,Scale=1].
(fontspec)              
(fontspec)              This font family consists of the following NFSS
(fontspec)             series/shapes:
(fontspec)              
(fontspec)             - 'normal' (m/n) with NFSS spec.:
(fontspec)             <->s*[1]"Calibri/OT:script=latn;language=dflt;mapping=te
x-text;"
(fontspec)             - 'small caps'  (m/sc) with NFSS spec.:
(fontspec)             <->s*[1]"Calibri/OT:script=latn;language=dflt;+smcp;mapp
ing=tex-text;"
(fontspec)             - 'bold' (b/n) with NFSS spec.:
(fontspec)             <->s*[1]"Calibri/B/OT:script=latn;language=dflt;mapping=
tex-text;"
(fontspec)             - 'bold small caps'  (b/sc) with NFSS spec.:
(fontspec)             <->s*[1]"Calibri/B/OT:script=latn;language=dflt;+smcp;ma
pping=tex-text;"
(fontspec)             - 'italic' (m/it) with NFSS spec.:
(fontspec)             <->s*[1]"Calibri/I/OT:script=latn;language=dflt;mapping=
tex-text;"
(fontspec)             - 'italic small caps'  (m/scit) with NFSS spec.:
(fontspec)             <->s*[1]"Calibri/I/OT:script=latn;language=dflt;+smcp;ma
pping=tex-text;"
(fontspec)             - 'bold italic' (b/it) with NFSS spec.:
(fontspec)             <->s*[1]"Calibri/BI/OT:script=latn;language=dflt;mapping
=tex-text;"
(fontspec)             - 'bold italic small caps'  (b/scit) with NFSS spec.:
(fontspec)             <->s*[1]"Calibri/BI/OT:script=latn;language=dflt;+smcp;m
apping=tex-text;"

LaTeX Font Info:    Font shape `TU/Calibri(0)/m/n' will be
(Font)              scaled to size 10.95pt on input line 26.

Package fontspec Info: 
(fontspec)             Calibri scale = 0.9999969990787171.


Package fontspec Info: 
(fontspec)             Calibri scale = 0.9999969990787171.


Package fontspec Info: 
(fontspec)             Calibri scale = 0.9999969990787171.


Package fontspec Info: 
(fontspec)             Calibri/B scale = 0.9906208659720262.


Package fontspec Info: 
(fontspec)             Calibri/B scale = 0.9906208659720262.


Package fontspec Info: 
(fontspec)             Calibri/I scale = 0.9937256585971002.


Package fontspec Info: 
(fontspec)             Calibri/I scale = 0.9937256585971002.


Package fontspec Info: 
(fontspec)             Calibri/BI scale = 0.9906208659720262.


Package fontspec Info: 
(fontspec)             Calibri/BI scale = 0.9906208659720262.


Package fontspec Info: 
(fontspec)             Font family 'Calibri(1)' created for font 'Calibri'
(fontspec)             with options [Scale=MatchLowercase].
(fontspec)              
(fontspec)              This font family consists of the following NFSS
(fontspec)             series/shapes:
(fontspec)              
(fontspec)             - 'normal' (m/n) with NFSS spec.:
(fontspec)             <->s*[0.9999969990787171]"Calibri/OT:script=latn;languag
e=dflt;"
(fontspec)             - 'small caps'  (m/sc) with NFSS spec.:
(fontspec)             <->s*[0.9999969990787171]"Calibri/OT:script=latn;languag
e=dflt;+smcp;"
(fontspec)             - 'bold' (b/n) with NFSS spec.:
(fontspec)             <->s*[0.9906208659720262]"Calibri/B/OT:script=latn;langu
age=dflt;"
(fontspec)             - 'bold small caps'  (b/sc) with NFSS spec.:
(fontspec)             <->s*[0.9906208659720262]"Calibri/B/OT:script=latn;langu
age=dflt;+smcp;"
(fontspec)             - 'italic' (m/it) with NFSS spec.:
(fontspec)             <->s*[0.9937256585971002]"Calibri/I/OT:script=latn;langu
age=dflt;"
(fontspec)             - 'italic small caps'  (m/scit) with NFSS spec.:
(fontspec)             <->s*[0.9937256585971002]"Calibri/I/OT:script=latn;langu
age=dflt;+smcp;"
(fontspec)             - 'bold italic' (b/it) with NFSS spec.:
(fontspec)             <->s*[0.9906208659720262]"Calibri/BI/OT:script=latn;lang
uage=dflt;"
(fontspec)             - 'bold italic small caps'  (b/scit) with NFSS spec.:
(fontspec)             <->s*[0.9906208659720262]"Calibri/BI/OT:script=latn;lang
uage=dflt;+smcp;"

LaTeX Font Info:    Overwriting math alphabet `\mathrm' in version `normal'
(Font)                  OT1/lmr/m/n --> TU/Calibri(1)/m/n on input line 26.
LaTeX Font Info:    Overwriting math alphabet `\mathit' in version `normal'
(Font)                  OT1/lmr/m/it --> TU/Calibri(1)/m/it on input line 26.
LaTeX Font Info:    Overwriting math alphabet `\mathbf' in version `normal'
(Font)                  OT1/lmr/bx/n --> TU/Calibri(1)/b/n on input line 26.
(C:\Users\dbarnett\AppData\Local\Programs\MiKTeX\tex/latex/upquote\upquote.sty
Package: upquote 2012/04/19 v1.3 upright-quote and grave-accent glyphs in verba
tim
(C:\Users\dbarnett\AppData\Local\Programs\MiKTeX\tex/latex/base\textcomp.sty
Package: textcomp 2024/04/24 v2.1b Standard LaTeX package
))
(C:\Users\dbarnett\AppData\Local\Programs\MiKTeX\tex/latex/microtype\microtype.
sty
Package: microtype 2025/02/11 v3.2a Micro-typographical refinements (RS)

(C:\Users\dbarnett\AppData\Local\Programs\MiKTeX\tex/latex/etoolbox\etoolbox.st
y
Package: etoolbox 2025/02/11 v2.5l e-TeX tools for LaTeX (JAW)
\etb@tempcnta=\count311
)
\MT@toks=\toks24
\MT@tempbox=\box55
\MT@count=\count312
LaTeX Info: Redefining \noprotrusionifhmode on input line 1087.
LaTeX Info: Redefining \leftprotrusion on input line 1088.
\MT@prot@toks=\toks25
LaTeX Info: Redefining \rightprotrusion on input line 1107.
LaTeX Info: Redefining \textls on input line 1449.
\MT@outer@kern=\dimen169
LaTeX Info: Redefining \microtypecontext on input line 2053.
LaTeX Info: Redefining \textmicrotypecontext on input line 2070.
\MT@listname@count=\count313

(C:\Users\dbarnett\AppData\Local\Programs\MiKTeX\tex/latex/microtype\microtype-
xetex.def
File: microtype-xetex.def 2025/02/11 v3.2a Definitions specific to xetex (RS)
LaTeX Info: Redefining \lsstyle on input line 443.
LaTeX Info: Redefining \lslig on input line 451.
\MT@outer@space=\skip54
)
Package microtype Info: Loading configuration file microtype.cfg.

(C:\Users\dbarnett\AppData\Local\Programs\MiKTeX\tex/latex/microtype\microtype.
cfg
File: microtype.cfg 2025/02/11 v3.2a microtype main configuration file (RS)
)
LaTeX Info: Redefining \microtypesetup on input line 3065.
) (C:\Users\dbarnett\AppData\Local\Programs\MiKTeX\tex/latex/parskip\parskip.st
y
Package: parskip 2021-03-14 v2.0h non-zero parskip adjustments

(C:\Users\dbarnett\AppData\Local\Programs\MiKTeX\tex/latex/kvoptions\kvoptions.
sty
Package: kvoptions 2022-06-15 v3.15 Key value format for package options (HO)

(C:\Users\dbarnett\AppData\Local\Programs\MiKTeX\tex/generic/ltxcmds\ltxcmds.st
y
Package: ltxcmds 2023-12-04 v1.26 LaTeX kernel commands for general use (HO)
)
(C:\Users\dbarnett\AppData\Local\Programs\MiKTeX\tex/latex/kvsetkeys\kvsetkeys.
sty
Package: kvsetkeys 2022-10-05 v1.19 Key value parser (HO)
))) (C:\Users\dbarnett\AppData\Local\Programs\MiKTeX\tex/latex/tools\longtable.
sty
Package: longtable 2024-12-18 v4.23 Multi-page Table package (DPC)
\LTleft=\skip55
\LTright=\skip56
\LTpre=\skip57
\LTpost=\skip58
\LTchunksize=\count314
\LTcapwidth=\dimen170
\LT@head=\box56
\LT@firsthead=\box57
\LT@foot=\box58
\LT@lastfoot=\box59
\LT@gbox=\box60
\LT@cols=\count315
\LT@rows=\count316
\c@LT@tables=\count317
\c@LT@chunks=\count318
\LT@p@ftn=\toks26
)
(C:\Users\dbarnett\AppData\Local\Programs\MiKTeX\tex/latex/booktabs\booktabs.st
y
Package: booktabs 2020/01/12 v1.61803398 Publication quality tables
\heavyrulewidth=\dimen171
\lightrulewidth=\dimen172
\cmidrulewidth=\dimen173
\belowrulesep=\dimen174
\belowbottomsep=\dimen175
\aboverulesep=\dimen176
\abovetopsep=\dimen177
\cmidrulesep=\dimen178
\cmidrulekern=\dimen179
\defaultaddspace=\dimen180
\@cmidla=\count319
\@cmidlb=\count320
\@aboverulesep=\dimen181
\@belowrulesep=\dimen182
\@thisruleclass=\count321
\@lastruleclass=\count322
\@thisrulewidth=\dimen183
) (C:\Users\dbarnett\AppData\Local\Programs\MiKTeX\tex/latex/tools\array.sty
Package: array 2025/06/08 v2.6j Tabular extension package (FMi)
\col@sep=\dimen184
\ar@mcellbox=\box61
\extrarowheight=\dimen185
\NC@list=\toks27
\extratabsurround=\skip59
\backup@length=\skip60
\ar@cellbox=\box62
) (C:\Users\dbarnett\AppData\Local\Programs\MiKTeX\tex/latex/tools\calc.sty
Package: calc 2025/03/01 v4.3b Infix arithmetic (KKT,FJ)
\calc@Acount=\count323
\calc@Bcount=\count324
\calc@Adimen=\dimen186
\calc@Bdimen=\dimen187
\calc@Askip=\skip61
\calc@Bskip=\skip62
LaTeX Info: Redefining \setlength on input line 86.
LaTeX Info: Redefining \addtolength on input line 87.
\calc@Ccount=\count325
\calc@Cskip=\skip63
)
(C:\Users\dbarnett\AppData\Local\Programs\MiKTeX\tex/latex/footnotehyper\footno
tehyper.sty
Package: footnotehyper 2025/11/15 v1.1f hyperref aware footnote.sty (JFB)
\FNH@notes=\box63
\FNH@width=\dimen188
\FNH@toks=\toks28
)
(C:\Users\dbarnett\AppData\Local\Programs\MiKTeX\tex/latex/graphics\graphicx.st
y
Package: graphicx 2024/12/31 v1.2e Enhanced LaTeX Graphics (DPC,SPQR)

(C:\Users\dbarnett\AppData\Local\Programs\MiKTeX\tex/latex/graphics\graphics.st
y
Package: graphics 2024/08/06 v1.4g Standard LaTeX Graphics (DPC,SPQR)
(C:\Users\dbarnett\AppData\Local\Programs\MiKTeX\tex/latex/graphics\trig.sty
Package: trig 2023/12/02 v1.11 sin cos tan (DPC)
)
(C:\Users\dbarnett\AppData\Local\Programs\MiKTeX\tex/latex/graphics-cfg\graphic
s.cfg
File: graphics.cfg 2016/06/04 v1.11 sample graphics configuration
)
Package graphics Info: Driver file: xetex.def on input line 106.
)
\Gin@req@height=\dimen189
\Gin@req@width=\dimen190
)
\pandoc@box=\box64

(C:\Users\dbarnett\AppData\Local\Programs\MiKTeX\tex/latex/fancyhdr\fancyhdr.st
y
Package: fancyhdr 2025/02/07 v5.2 Extensive control of page headers and footers

\f@nch@headwidth=\skip64
\f@nch@offset@elh=\skip65
\f@nch@offset@erh=\skip66
\f@nch@offset@olh=\skip67
\f@nch@offset@orh=\skip68
\f@nch@offset@elf=\skip69
\f@nch@offset@erf=\skip70
\f@nch@offset@olf=\skip71
\f@nch@offset@orf=\skip72
\f@nch@height=\skip73
\f@nch@footalignment=\skip74
\f@nch@widthL=\skip75
\f@nch@widthC=\skip76
\f@nch@widthR=\skip77
\@temptokenb=\toks29
)
(C:\Users\dbarnett\AppData\Local\Programs\MiKTeX\tex/latex/ragged2e\ragged2e.st
y
Package: ragged2e 2023/06/22 v3.6 ragged2e Package
\CenteringLeftskip=\skip78
\RaggedLeftLeftskip=\skip79
\RaggedRightLeftskip=\skip80
\CenteringRightskip=\skip81
\RaggedLeftRightskip=\skip82
\RaggedRightRightskip=\skip83
\CenteringParfillskip=\skip84
\RaggedLeftParfillskip=\skip85
\RaggedRightParfillskip=\skip86
\JustifyingParfillskip=\skip87
\CenteringParindent=\skip88
\RaggedLeftParindent=\skip89
\RaggedRightParindent=\skip90
\JustifyingParindent=\skip91
)
(C:\Users\dbarnett\AppData\Local\Programs\MiKTeX\tex/latex/lastpage\lastpage.st
y
Package: lastpage 2025/08/14 v2.1h lastpage: 2.09 or 2e? (HMM)

(C:\Users\dbarnett\AppData\Local\Programs\MiKTeX\tex/latex/lastpage\lastpage2e.
sty
Package: lastpage2e 2025/08/14 v2.1h Decide which 2e lastpage version to use (H
MM)

(C:\Users\dbarnett\AppData\Local\Programs\MiKTeX\tex/latex/lastpage\lastpagemod
ern.sty
Package: lastpagemodern 2025-08-14 v2.1h Refers to last page's name (HMM; JPG)
\c@lastpagecount=\count326
) 
))
(C:\Users\dbarnett\AppData\Local\Programs\MiKTeX\tex/latex/hyperref\hyperref.st
y
Package: hyperref 2025-06-21 v7.01n Hypertext links for LaTeX

(C:\Users\dbarnett\AppData\Local\Programs\MiKTeX\tex/generic/kvdefinekeys\kvdef
inekeys.sty
Package: kvdefinekeys 2019-12-19 v1.6 Define keys (HO)
)
(C:\Users\dbarnett\AppData\Local\Programs\MiKTeX\tex/generic/pdfescape\pdfescap
e.sty
Package: pdfescape 2019/12/09 v1.15 Implements pdfTeX's escape features (HO)

(C:\Users\dbarnett\AppData\Local\Programs\MiKTeX\tex/generic/pdftexcmds\pdftexc
mds.sty
Package: pdftexcmds 2020-06-27 v0.33 Utility functions of pdfTeX for LuaTeX (HO
)

(C:\Users\dbarnett\AppData\Local\Programs\MiKTeX\tex/generic/infwarerr\infwarer
r.sty
Package: infwarerr 2019/12/03 v1.5 Providing info/warning/error messages (HO)
)
Package pdftexcmds Info: \pdf@primitive is available.
Package pdftexcmds Info: \pdf@ifprimitive is available.
Package pdftexcmds Info: \pdfdraftmode not found.
)) (C:\Users\dbarnett\AppData\Local\Programs\MiKTeX\tex/latex/hycolor\hycolor.s
ty
Package: hycolor 2020-01-27 v1.10 Color options for hyperref/bookmark (HO)
)
(C:\Users\dbarnett\AppData\Local\Programs\MiKTeX\tex/latex/hyperref\nameref.sty
Package: nameref 2025-06-21 v2.57 Cross-referencing by name of section

(C:\Users\dbarnett\AppData\Local\Programs\MiKTeX\tex/latex/refcount\refcount.st
y
Package: refcount 2019/12/15 v3.6 Data extraction from label references (HO)
)
(C:\Users\dbarnett\AppData\Local\Programs\MiKTeX\tex/generic/gettitlestring\get
titlestring.sty
Package: gettitlestring 2019/12/15 v1.6 Cleanup title references (HO)
)
\c@section@level=\count327
)
(C:\Users\dbarnett\AppData\Local\Programs\MiKTeX\tex/generic/stringenc\stringen
c.sty
Package: stringenc 2019/11/29 v1.12 Convert strings between diff. encodings (HO
)
)
\@linkdim=\dimen191
\Hy@linkcounter=\count328
\Hy@pagecounter=\count329
(C:\Users\dbarnett\AppData\Local\Programs\MiKTeX\tex/latex/hyperref\pd1enc.def
File: pd1enc.def 2025-06-21 v7.01n Hyperref: PDFDocEncoding definition (HO)
)
(C:\Users\dbarnett\AppData\Local\Programs\MiKTeX\tex/generic/intcalc\intcalc.st
y
Package: intcalc 2019/12/15 v1.3 Expandable calculations with integers (HO)
)
\Hy@SavedSpaceFactor=\count330
(C:\Users\dbarnett\AppData\Local\Programs\MiKTeX\tex/latex/hyperref\puenc.def
File: puenc.def 2025-06-21 v7.01n Hyperref: PDF Unicode definition (HO)
)
Package hyperref Info: Option `unicode' set `true' on input line 4052.
Package hyperref Info: Hyper figures OFF on input line 4181.
Package hyperref Info: Link nesting OFF on input line 4186.
Package hyperref Info: Hyper index ON on input line 4189.
Package hyperref Info: Plain pages OFF on input line 4196.
Package hyperref Info: Backreferencing OFF on input line 4201.
Package hyperref Info: Implicit mode ON; LaTeX internals redefined.
Package hyperref Info: Bookmarks ON on input line 4448.
\c@Hy@tempcnt=\count331
(C:\Users\dbarnett\AppData\Local\Programs\MiKTeX\tex/latex/url\url.sty
\Urlmuskip=\muskip19
Package: url 2013/09/16  ver 3.4  Verb mode for urls, etc.
)
LaTeX Info: Redefining \url on input line 4787.
\XeTeXLinkMargin=\dimen192
(C:\Users\dbarnett\AppData\Local\Programs\MiKTeX\tex/generic/bitset\bitset.sty
Package: bitset 2019/12/09 v1.3 Handle bit-vector datatype (HO)

(C:\Users\dbarnett\AppData\Local\Programs\MiKTeX\tex/generic/bigintcalc\bigintc
alc.sty
Package: bigintcalc 2019/12/15 v1.5 Expandable calculations on big integers (HO
)
))
\Fld@menulength=\count332
\Field@Width=\dimen193
\Fld@charsize=\dimen194
Package hyperref Info: Hyper figures OFF on input line 6066.
Package hyperref Info: Link nesting OFF on input line 6071.
Package hyperref Info: Hyper index ON on input line 6074.
Package hyperref Info: backreferencing OFF on input line 6081.
Package hyperref Info: Link coloring OFF on input line 6086.
Package hyperref Info: Link coloring with OCG OFF on input line 6091.
Package hyperref Info: PDF/A mode OFF on input line 6096.
\Hy@abspage=\count333
\c@Item=\count334
\c@Hfootnote=\count335
)
Package hyperref Info: Driver (autodetected): hxetex.
(C:\Users\dbarnett\AppData\Local\Programs\MiKTeX\tex/latex/hyperref\hxetex.def
File: hxetex.def 2025-06-21 v7.01n Hyperref driver for XeTeX
\pdfm@box=\box65
\c@Hy@AnnotLevel=\count336
\HyField@AnnotCount=\count337
\Fld@listcount=\count338
\c@bookmark@seq@number=\count339

(C:\Users\dbarnett\AppData\Local\Programs\MiKTeX\tex/latex/rerunfilecheck\rerun
filecheck.sty
Package: rerunfilecheck 2025-06-21 v1.11 Rerun checks for auxiliary files (HO)

(C:\Users\dbarnett\AppData\Local\Programs\MiKTeX\tex/generic/uniquecounter\uniq
uecounter.sty
Package: uniquecounter 2019/12/15 v1.4 Provide unlimited unique counter (HO)
)
Package uniquecounter Info: New unique counter `rerunfilecheck' on input line 2
84.
)
\Hy@SectionHShift=\skip92
) (C:\Users\dbarnett\AppData\Local\Programs\MiKTeX\tex/latex/caption\caption.st
y
Package: caption 2023/08/05 v3.6o Customizing captions (AR)

(C:\Users\dbarnett\AppData\Local\Programs\MiKTeX\tex/latex/caption\caption3.sty
Package: caption3 2023/07/31 v2.4d caption3 kernel (AR)
\caption@tempdima=\dimen195
\captionmargin=\dimen196
\caption@leftmargin=\dimen197
\caption@rightmargin=\dimen198
\caption@width=\dimen199
\caption@indent=\dimen256
\caption@parindent=\dimen257
\caption@hangindent=\dimen258
Package caption Info: Standard document class detected.
)
\c@caption@flags=\count340
\c@continuedfloat=\count341
Package caption Info: hyperref package is loaded.
Package caption Info: longtable package is loaded.

(C:\Users\dbarnett\AppData\Local\Programs\MiKTeX\tex/latex/caption\ltcaption.st
y
Package: ltcaption 2021/01/08 v1.4c longtable captions (AR)
))
(C:\Users\dbarnett\AppData\Local\Programs\MiKTeX\tex/latex/datetime2\datetime2.
sty
Package: datetime2 2021/03/21 v1.5.7 (NLCT) date and time formats

(C:\Users\dbarnett\AppData\Local\Programs\MiKTeX\tex/latex/tracklang\tracklang.
sty
Package: tracklang 2025/03/11 v1.6.6 (NLCT) Track Languages

(C:\Users\dbarnett\AppData\Local\Programs\MiKTeX\tex/generic/tracklang\tracklan
g.tex)) (C:\Users\dbarnett\AppData\Local\Programs\MiKTeX\tex/latex/xkeyval\xkey
val.sty
Package: xkeyval 2022/06/16 v2.9 package option processing (HA)

(C:\Users\dbarnett\AppData\Local\Programs\MiKTeX\tex/generic/xkeyval\xkeyval.te
x
(C:\Users\dbarnett\AppData\Local\Programs\MiKTeX\tex/generic/xkeyval\xkvutils.t
ex
\XKV@toks=\toks30
\XKV@tempa@toks=\toks31
)
\XKV@depth=\count342
File: xkeyval.tex 2014/12/03 v2.7a key=value parser (HA)
))) (C:\Users\dbarnett\AppData\Local\Programs\MiKTeX\tex/latex/ltablex\ltablex.
sty
Package: ltablex 2014/08/13 v1.1 Modified tabularx
(C:\Users\dbarnett\AppData\Local\Programs\MiKTeX\tex/latex/tools\tabularx.sty
Package: tabularx 2023/12/11 v2.12a `tabularx' package (DPC)
\TX@col@width=\dimen259
\TX@old@table=\dimen260
\TX@old@col=\dimen261
\TX@target=\dimen262
\TX@delta=\dimen263
\TX@cols=\count343
\TX@ftn=\toks32
)) (C:\Users\dbarnett\AppData\Local\Programs\MiKTeX\tex/latex/psnfss\pifont.sty
Package: pifont 2020/03/25 PSNFSS-v9.3 Pi font support (SPQR) 
LaTeX Font Info:    Trying to load font information for U+pzd on input line 63.

(C:\Users\dbarnett\AppData\Local\Programs\MiKTeX\tex/latex/psnfss\upzd.fd
File: upzd.fd 2001/06/04 font definitions for U/pzd.
)
LaTeX Font Info:    Trying to load font information for U+psy on input line 64.

(C:\Users\dbarnett\AppData\Local\Programs\MiKTeX\tex/latex/psnfss\upsy.fd
File: upsy.fd 2001/06/04 font definitions for U/psy.
)) (C:\Users\dbarnett\AppData\Local\Programs\MiKTeX\tex/latex/float\float.sty
Package: float 2001/11/08 v1.3d Float enhancements (AL)
\c@float@type=\count344
\float@exts=\toks33
\float@box=\box66
\@float@everytoks=\toks34
\@floatcapt=\box67
)
(C:\Users\dbarnett\AppData\Local\Programs\MiKTeX\tex/latex/bookmark\bookmark.st
y
Package: bookmark 2023-12-10 v1.31 PDF bookmarks (HO)

(C:\Users\dbarnett\AppData\Local\Programs\MiKTeX\tex/latex/bookmark\bkm-dvipdfm
.def
File: bkm-dvipdfm.def 2023-12-10 v1.31 bookmark driver for dvipdfm (HO)
\BKM@id=\count345
)) (C:\Users\dbarnett\AppData\Local\Programs\MiKTeX\tex/latex/xurl\xurl.sty
Package: xurl 2022/01/09 v 0.10 modify URL breaks
)
Package hyperref Info: Option `colorlinks' set `true' on input line 94.
(plantDiv20260427.aux

LaTeX Warning: Label `' multiply defined.


LaTeX Warning: Label `' multiply defined.


LaTeX Warning: Label `' multiply defined.


LaTeX Warning: Label `' multiply defined.


LaTeX Warning: Label `' multiply defined.


LaTeX Warning: Label `' multiply defined.


LaTeX Warning: Label `' multiply defined.


LaTeX Warning: Label `' multiply defined.


LaTeX Warning: Label `' multiply defined.


LaTeX Warning: Label `' multiply defined.


LaTeX Warning: Label `' multiply defined.


LaTeX Warning: Label `' multiply defined.


LaTeX Warning: Label `' multiply defined.


LaTeX Warning: Label `' multiply defined.


LaTeX Warning: Label `' multiply defined.


LaTeX Warning: Label `' multiply defined.


LaTeX Warning: Label `' multiply defined.


LaTeX Warning: Label `' multiply defined.


LaTeX Warning: Label `' multiply defined.


LaTeX Warning: Label `' multiply defined.


LaTeX Warning: Label `' multiply defined.


LaTeX Warning: Label `' multiply defined.


LaTeX Warning: Label `' multiply defined.


LaTeX Warning: Label `' multiply defined.


LaTeX Warning: Label `' multiply defined.


LaTeX Warning: Label `' multiply defined.


LaTeX Warning: Label `' multiply defined.


LaTeX Warning: Label `' multiply defined.


LaTeX Warning: Label `' multiply defined.


LaTeX Warning: Label `' multiply defined.


LaTeX Warning: Label `' multiply defined.


LaTeX Warning: Label `' multiply defined.


LaTeX Warning: Label `' multiply defined.


LaTeX Warning: Label `' multiply defined.

)
\openout1 = `plantDiv20260427.aux'.

LaTeX Font Info:    Checking defaults for OML/cmm/m/it on input line 100.
LaTeX Font Info:    ... okay on input line 100.
LaTeX Font Info:    Checking defaults for OMS/cmsy/m/n on input line 100.
LaTeX Font Info:    ... okay on input line 100.
LaTeX Font Info:    Checking defaults for OT1/cmr/m/n on input line 100.
LaTeX Font Info:    ... okay on input line 100.
LaTeX Font Info:    Checking defaults for T1/cmr/m/n on input line 100.
LaTeX Font Info:    ... okay on input line 100.
LaTeX Font Info:    Checking defaults for TS1/cmr/m/n on input line 100.
LaTeX Font Info:    ... okay on input line 100.
LaTeX Font Info:    Checking defaults for TU/lmr/m/n on input line 100.
LaTeX Font Info:    ... okay on input line 100.
LaTeX Font Info:    Checking defaults for OMX/cmex/m/n on input line 100.
LaTeX Font Info:    ... okay on input line 100.
LaTeX Font Info:    Checking defaults for U/cmr/m/n on input line 100.
LaTeX Font Info:    ... okay on input line 100.
LaTeX Font Info:    Checking defaults for PD1/pdf/m/n on input line 100.
LaTeX Font Info:    ... okay on input line 100.
LaTeX Font Info:    Checking defaults for PU/pdf/m/n on input line 100.
LaTeX Font Info:    ... okay on input line 100.
*geometry* driver: auto-detecting
*geometry* detected driver: xetex
*geometry* verbose mode - [ preamble ] result:
* driver: xetex
* paper: <default>
* layout: <same size as paper>
* layoutoffset:(h,v)=(0.0pt,0.0pt)
* modes: includefoot 
* h-part:(L,W,R)=(72.26999pt, 469.75502pt, 72.26999pt)
* v-part:(T,H,B)=(72.26999pt, 632.3625pt, 90.3375pt)
* \paperwidth=614.295pt
* \paperheight=794.96999pt
* \textwidth=469.75502pt
* \textheight=602.3625pt
* \oddsidemargin=0.0pt
* \evensidemargin=0.0pt
* \topmargin=-37.0pt
* \headheight=12.0pt
* \headsep=50.58878pt
* \topskip=11.0pt
* \footskip=30.0pt
* \marginparwidth=59.0pt
* \marginparsep=10.0pt
* \columnsep=10.0pt
* \skip\footins=10.0pt plus 4.0pt minus 2.0pt
* \hoffset=0.0pt
* \voffset=0.0pt
* \mag=1000
* \@twocolumnfalse
* \@twosidefalse
* \@mparswitchfalse
* \@reversemarginfalse
* (1in=72.27pt=25.4mm, 1cm=28.453pt)

LaTeX Font Info:    Overwriting math alphabet `\mathsf' in version `normal'
(Font)                  OT1/lmss/m/n --> TU/lmss/m/n on input line 100.
LaTeX Font Info:    Overwriting math alphabet `\mathsf' in version `bold'
(Font)                  OT1/lmss/bx/n --> TU/lmss/b/n on input line 100.
LaTeX Font Info:    Overwriting math alphabet `\mathtt' in version `normal'
(Font)                  OT1/lmtt/m/n --> TU/lmtt/m/n on input line 100.
LaTeX Font Info:    Overwriting math alphabet `\mathtt' in version `bold'
(Font)                  OT1/lmtt/m/n --> TU/lmtt/b/n on input line 100.

Package fontspec Info: 
(fontspec)             latinmodern-math scale = 1.077385667404905.


Package fontspec Info: 
(fontspec)             latinmodern-math scale = 1.077385667404905.


Package fontspec Info: 
(fontspec)             latinmodern-math scale = 1.077385667404905.


Package fontspec Info: 
(fontspec)             Font family 'latinmodern-math.otf(0)' created for font
(fontspec)             'latinmodern-math.otf' with options
(fontspec)             [Scale=MatchLowercase,BoldItalicFont={},ItalicFont={},Sm
allCapsFont={},Script=Math,BoldFont={latinmodern-math.otf}].
(fontspec)              
(fontspec)              This font family consists of the following NFSS
(fontspec)             series/shapes:
(fontspec)              
(fontspec)             - 'normal' (m/n) with NFSS spec.:
(fontspec)             <->s*[1.077385667404905]"[latinmodern-math.otf]/OT:scrip
t=math;language=dflt;"
(fontspec)             - 'bold' (b/n) with NFSS spec.:
(fontspec)             <->s*[1.077385667404905]"[latinmodern-math.otf]/OT:scrip
t=math;language=dflt;"

LaTeX Font Info:    Font shape `TU/latinmodern-math.otf(0)/m/n' will be
(Font)              scaled to size 11.79744pt on input line 100.

Package fontspec Info: 
(fontspec)             latinmodern-math scale = 1.077385667404905.


Package fontspec Info: 
(fontspec)             latinmodern-math scale = 1.077385667404905.


Package fontspec Info: 
(fontspec)             latinmodern-math scale = 1.077385667404905.


Package fontspec Info: 
(fontspec)             latinmodern-math scale = 1.077385667404905.


Package fontspec Info: 
(fontspec)             latinmodern-math scale = 1.077385667404905.


Package fontspec Info: 
(fontspec)             Font family 'latinmodern-math.otf(1)' created for font
(fontspec)             'latinmodern-math.otf' with options
(fontspec)             [Scale=MatchLowercase,BoldItalicFont={},ItalicFont={},Sm
allCapsFont={},Script=Math,SizeFeatures={{Size=9.3075-},{Size=6.57-9.3075,Font=
latinmodern-math.otf,Style=MathScript},{Size=-6.57,Font=latinmodern-math.otf,St
yle=MathScriptScript}},BoldFont={latinmodern-math.otf}].
(fontspec)              
(fontspec)              This font family consists of the following NFSS
(fontspec)             series/shapes:
(fontspec)              
(fontspec)             - 'normal' (m/n) with NFSS spec.:
(fontspec)             <9.3075->s*[1.077385667404905]"[latinmodern-math.otf]/OT
:script=math;language=dflt;"<6.57-9.3075>s*[1.077385667404905]"[latinmodern-mat
h.otf]/OT:script=math;language=dflt;+ssty=0;"<-6.57>s*[1.077385667404905]"[lati
nmodern-math.otf]/OT:script=math;language=dflt;+ssty=1;"
(fontspec)             - 'bold' (b/n) with NFSS spec.:
(fontspec)             <->s*[1.077385667404905]"[latinmodern-math.otf]/OT:scrip
t=math;language=dflt;"

LaTeX Font Info:    Font shape `TU/latinmodern-math.otf(1)/m/n' will be
(Font)              scaled to size 11.79744pt on input line 100.
LaTeX Font Info:    Encoding `OT1' has changed to `TU' for symbol font
(Font)              `operators' in the math version `normal' on input line 100.

LaTeX Font Info:    Overwriting symbol font `operators' in version `normal'
(Font)                  OT1/lmr/m/n --> TU/latinmodern-math.otf(1)/m/n on input
 line 100.
LaTeX Font Info:    Encoding `OT1' has changed to `TU' for symbol font
(Font)              `operators' in the math version `bold' on input line 100.
LaTeX Font Info:    Overwriting symbol font `operators' in version `bold'
(Font)                  OT1/lmr/bx/n --> TU/latinmodern-math.otf(1)/b/n on inpu
t line 100.

Package fontspec Info: 
(fontspec)             latinmodern-math scale = 1.077385667404905.


Package fontspec Info: 
(fontspec)             latinmodern-math scale = 1.077493405971645.


Package fontspec Info: 
(fontspec)             latinmodern-math scale = 1.077385667404905.


Package fontspec Info: 
(fontspec)             latinmodern-math scale = 1.077493405971645.


Package fontspec Info: 
(fontspec)             latinmodern-math scale = 1.077385667404905.


Package fontspec Info: 
(fontspec)             latinmodern-math scale = 1.077493405971645.


Package fontspec Info: 
(fontspec)             latinmodern-math scale = 1.077385667404905.


Package fontspec Info: 
(fontspec)             latinmodern-math scale = 1.077493405971645.


Package fontspec Info: 
(fontspec)             latinmodern-math scale = 1.077385667404905.


Package fontspec Info: 
(fontspec)             latinmodern-math scale = 1.077493405971645.


Package fontspec Info: 
(fontspec)             Font family 'latinmodern-math.otf(2)' created for font
(fontspec)             'latinmodern-math.otf' with options
(fontspec)             [Scale=MatchLowercase,BoldItalicFont={},ItalicFont={},Sm
allCapsFont={},Script=Math,SizeFeatures={{Size=9.3075-},{Size=6.57-9.3075,Font=
latinmodern-math.otf,Style=MathScript},{Size=-6.57,Font=latinmodern-math.otf,St
yle=MathScriptScript}},BoldFont={latinmodern-math.otf},ScaleAgain=1.0001,FontAd
justment={\fontdimen
(fontspec)             8\font =7.98686pt\relax \fontdimen 9\font
(fontspec)             =4.6482pt\relax \fontdimen 10\font =5.23807pt\relax
(fontspec)             \fontdimen 11\font =8.09305pt\relax \fontdimen 12\font
(fontspec)             =4.07011pt\relax \fontdimen 13\font =4.28247pt\relax
(fontspec)             \fontdimen 14\font =4.28247pt\relax \fontdimen 15\font
(fontspec)             =3.40945pt\relax \fontdimen 16\font =2.91397pt\relax
(fontspec)             \fontdimen 17\font =2.91397pt\relax \fontdimen 18\font
(fontspec)             =2.94936pt\relax \fontdimen 19\font =2.35948pt\relax
(fontspec)             \fontdimen 22\font =2.94936pt\relax \fontdimen 20\font
(fontspec)             =0pt\relax \fontdimen 21\font =0pt\relax }].
(fontspec)              
(fontspec)              This font family consists of the following NFSS
(fontspec)             series/shapes:
(fontspec)              
(fontspec)             - 'normal' (m/n) with NFSS spec.:
(fontspec)             <9.3075->s*[1.077493405971645]"[latinmodern-math.otf]/OT
:script=math;language=dflt;"<6.57-9.3075>s*[1.077493405971645]"[latinmodern-mat
h.otf]/OT:script=math;language=dflt;+ssty=0;"<-6.57>s*[1.077493405971645]"[lati
nmodern-math.otf]/OT:script=math;language=dflt;+ssty=1;"
(fontspec)             - 'bold' (b/n) with NFSS spec.:
(fontspec)             <->s*[1.077493405971645]"[latinmodern-math.otf]/OT:scrip
t=math;language=dflt;"

LaTeX Font Info:    Encoding `OMS' has changed to `TU' for symbol font
(Font)              `symbols' in the math version `normal' on input line 100.
LaTeX Font Info:    Overwriting symbol font `symbols' in version `normal'
(Font)                  OMS/lmsy/m/n --> TU/latinmodern-math.otf(2)/m/n on inpu
t line 100.
LaTeX Font Info:    Encoding `OMS' has changed to `TU' for symbol font
(Font)              `symbols' in the math version `bold' on input line 100.
LaTeX Font Info:    Overwriting symbol font `symbols' in version `bold'
(Font)                  OMS/lmsy/b/n --> TU/latinmodern-math.otf(2)/b/n on inpu
t line 100.

Package fontspec Info: 
(fontspec)             latinmodern-math scale = 1.077385667404905.


Package fontspec Info: 
(fontspec)             latinmodern-math scale = 1.077277928838165.


Package fontspec Info: 
(fontspec)             latinmodern-math scale = 1.077385667404905.


Package fontspec Info: 
(fontspec)             latinmodern-math scale = 1.077277928838165.


Package fontspec Info: 
(fontspec)             latinmodern-math scale = 1.077385667404905.


Package fontspec Info: 
(fontspec)             latinmodern-math scale = 1.077277928838165.


Package fontspec Info: 
(fontspec)             latinmodern-math scale = 1.077385667404905.


Package fontspec Info: 
(fontspec)             latinmodern-math scale = 1.077277928838165.


Package fontspec Info: 
(fontspec)             latinmodern-math scale = 1.077385667404905.


Package fontspec Info: 
(fontspec)             latinmodern-math scale = 1.077277928838165.


Package fontspec Info: 
(fontspec)             Font family 'latinmodern-math.otf(3)' created for font
(fontspec)             'latinmodern-math.otf' with options
(fontspec)             [Scale=MatchLowercase,BoldItalicFont={},ItalicFont={},Sm
allCapsFont={},Script=Math,SizeFeatures={{Size=9.3075-},{Size=6.57-9.3075,Font=
latinmodern-math.otf,Style=MathScript},{Size=-6.57,Font=latinmodern-math.otf,St
yle=MathScriptScript}},BoldFont={latinmodern-math.otf},ScaleAgain=0.9999,FontAd
justment={\fontdimen
(fontspec)             8\font =0.4719pt\relax \fontdimen 9\font
(fontspec)             =2.35948pt\relax \fontdimen 10\font =1.97017pt\relax
(fontspec)             \fontdimen 11\font =1.30951pt\relax \fontdimen 12\font
(fontspec)             =7.07846pt\relax \fontdimen 13\font =0pt\relax }].
(fontspec)              
(fontspec)              This font family consists of the following NFSS
(fontspec)             series/shapes:
(fontspec)              
(fontspec)             - 'normal' (m/n) with NFSS spec.:
(fontspec)             <9.3075->s*[1.077277928838165]"[latinmodern-math.otf]/OT
:script=math;language=dflt;"<6.57-9.3075>s*[1.077277928838165]"[latinmodern-mat
h.otf]/OT:script=math;language=dflt;+ssty=0;"<-6.57>s*[1.077277928838165]"[lati
nmodern-math.otf]/OT:script=math;language=dflt;+ssty=1;"
(fontspec)             - 'bold' (b/n) with NFSS spec.:
(fontspec)             <->s*[1.077277928838165]"[latinmodern-math.otf]/OT:scrip
t=math;language=dflt;"

LaTeX Font Info:    Encoding `OMX' has changed to `TU' for symbol font
(Font)              `largesymbols' in the math version `normal' on input line 1
00.
LaTeX Font Info:    Overwriting symbol font `largesymbols' in version `normal'
(Font)                  OMX/lmex/m/n --> TU/latinmodern-math.otf(3)/m/n on inpu
t line 100.
LaTeX Font Info:    Encoding `OMX' has changed to `TU' for symbol font
(Font)              `largesymbols' in the math version `bold' on input line 100
.
LaTeX Font Info:    Overwriting symbol font `largesymbols' in version `bold'
(Font)                  OMX/lmex/m/n --> TU/latinmodern-math.otf(3)/b/n on inpu
t line 100.
LaTeX Info: Redefining \microtypecontext on input line 100.
Package microtype Info: Applying patch `item' on input line 100.
Package microtype Info: Applying patch `toc' on input line 100.
Package microtype Info: Applying patch `eqnum' on input line 100.
Package microtype Info: Applying patch `footnote' on input line 100.
Package microtype Info: Applying patch `verbatim' on input line 100.
LaTeX Info: Redefining \microtypesetup on input line 100.
Package microtype Info: Character protrusion enabled (level 2).
Package microtype Info: Using protrusion set `basicmath'.
Package microtype Info: No adjustment of tracking.
Package microtype Info: No adjustment of spacing.
Package microtype Info: No adjustment of kerning.
Package microtype Info: Loading generic protrusion settings for font family
(microtype)             `Calibri' (encoding: TU).
(microtype)             For optimal results, create family-specific settings.
(microtype)             See the microtype manual for details.
Package hyperref Info: Link coloring ON on input line 100.
Package caption Info: Begin \AtBeginDocument code.
Package caption Info: float package is loaded.
Package caption Info: End \AtBeginDocument code.
LaTeX Font Info:    Font shape `TU/Calibri(0)/m/n' will be
(Font)              scaled to size 17.28pt on input line 102.
LaTeX Font Info:    Font shape `TU/Calibri(0)/m/n' will be
(Font)              scaled to size 12.0pt on input line 102.
LaTeX Font Info:    Font shape `TU/latinmodern-math.otf(1)/m/n' will be
(Font)              scaled to size 12.92871pt on input line 102.
LaTeX Font Info:    Font shape `TU/latinmodern-math.otf(1)/m/n' will be
(Font)              scaled to size 8.61914pt on input line 102.
LaTeX Font Info:    Font shape `TU/latinmodern-math.otf(1)/m/n' will be
(Font)              scaled to size 6.46436pt on input line 102.
LaTeX Font Info:    Trying to load font information for OML+lmm on input line 1
02.
(C:\Users\dbarnett\AppData\Local\Programs\MiKTeX\tex/latex/lm\omllmm.fd
File: omllmm.fd 2015/05/01 v1.6.1 Font defs for Latin Modern
)
LaTeX Font Info:    Font shape `TU/latinmodern-math.otf(2)/m/n' will be
(Font)              scaled to size 12.93pt on input line 102.
LaTeX Font Info:    Font shape `TU/latinmodern-math.otf(2)/m/n' will be
(Font)              scaled to size 8.62pt on input line 102.
LaTeX Font Info:    Font shape `TU/latinmodern-math.otf(2)/m/n' will be
(Font)              scaled to size 6.465pt on input line 102.
LaTeX Font Info:    Font shape `TU/latinmodern-math.otf(3)/m/n' will be
(Font)              scaled to size 12.92725pt on input line 102.
LaTeX Font Info:    Font shape `TU/latinmodern-math.otf(3)/m/n' will be
(Font)              scaled to size 8.61816pt on input line 102.
LaTeX Font Info:    Font shape `TU/latinmodern-math.otf(3)/m/n' will be
(Font)              scaled to size 6.46362pt on input line 102.
LaTeX Font Info:    Trying to load font information for U+msa on input line 102
.
(C:\Users\dbarnett\AppData\Local\Programs\MiKTeX\tex/latex/amsfonts\umsa.fd
File: umsa.fd 2013/01/14 v3.01 AMS symbols A
)
(C:\Users\dbarnett\AppData\Local\Programs\MiKTeX\tex/latex/microtype\mt-msa.cfg
File: mt-msa.cfg 2006/02/04 v1.1 microtype config. file: AMS symbols (a) (RS)
)
LaTeX Font Info:    Trying to load font information for U+msb on input line 102
.
(C:\Users\dbarnett\AppData\Local\Programs\MiKTeX\tex/latex/amsfonts\umsb.fd
File: umsb.fd 2013/01/14 v3.01 AMS symbols B
)
(C:\Users\dbarnett\AppData\Local\Programs\MiKTeX\tex/latex/microtype\mt-msb.cfg
File: mt-msb.cfg 2005/06/01 v1.0 microtype config. file: AMS symbols (b) (RS)
)
LaTeX Font Info:    Font shape `TU/Calibri(0)/m/n' will be
(Font)              scaled to size 20.74pt on input line 133.
LaTeX Font Info:    Font shape `TU/Calibri(0)/b/n' will be
(Font)              scaled to size 20.74pt on input line 133.
LaTeX Font Info:    Font shape `TU/latinmodern-math.otf(1)/m/n' will be
(Font)              scaled to size 8.2582pt on input line 140.
LaTeX Font Info:    Font shape `TU/latinmodern-math.otf(1)/m/n' will be
(Font)              scaled to size 5.89873pt on input line 140.
LaTeX Font Info:    Font shape `TU/latinmodern-math.otf(2)/m/n' will be
(Font)              scaled to size 11.79861pt on input line 140.
LaTeX Font Info:    Font shape `TU/latinmodern-math.otf(2)/m/n' will be
(Font)              scaled to size 8.25902pt on input line 140.
LaTeX Font Info:    Font shape `TU/latinmodern-math.otf(2)/m/n' will be
(Font)              scaled to size 5.8993pt on input line 140.
LaTeX Font Info:    Font shape `TU/latinmodern-math.otf(3)/m/n' will be
(Font)              scaled to size 11.7961pt on input line 140.
LaTeX Font Info:    Font shape `TU/latinmodern-math.otf(3)/m/n' will be
(Font)              scaled to size 8.25726pt on input line 140.
LaTeX Font Info:    Font shape `TU/latinmodern-math.otf(3)/m/n' will be
(Font)              scaled to size 5.89806pt on input line 140.
LaTeX Font Info:    Font shape `TU/Calibri(0)/b/n' will be
(Font)              scaled to size 10.95pt on input line 142.

Overfull \hbox (37.31538pt too wide) in paragraph at lines 140--147
[][]  
 []


Overfull \hbox (37.31538pt too wide) in paragraph at lines 149--155
[][]  
 []


Overfull \hbox (37.31538pt too wide) in paragraph at lines 157--162
[][]  
 []

LaTeX Font Info:    Font shape `TU/Calibri(0)/m/n' will be
(Font)              scaled to size 8.0pt on input line 172.


File: Logo.png Graphic file (type bmp)
<Logo.png>
LaTeX Font Info:    Font shape `TU/Calibri(0)/m/n' will be
(Font)              scaled to size 9.0pt on input line 179.
LaTeX Font Info:    Font shape `TU/latinmodern-math.otf(1)/m/n' will be
(Font)              scaled to size 9.69653pt on input line 179.
LaTeX Font Info:    Font shape `TU/latinmodern-math.otf(1)/m/n' will be
(Font)              scaled to size 5.38696pt on input line 179.
LaTeX Font Info:    Font shape `TU/latinmodern-math.otf(2)/m/n' will be
(Font)              scaled to size 9.6975pt on input line 179.
LaTeX Font Info:    Font shape `TU/latinmodern-math.otf(2)/m/n' will be
(Font)              scaled to size 5.3875pt on input line 179.
LaTeX Font Info:    Font shape `TU/latinmodern-math.otf(3)/m/n' will be
(Font)              scaled to size 9.69543pt on input line 179.
LaTeX Font Info:    Font shape `TU/latinmodern-math.otf(3)/m/n' will be
(Font)              scaled to size 5.38635pt on input line 179.
LaTeX Font Info:    Font shape `TU/Calibri(0)/m/it' will be
(Font)              scaled to size 9.0pt on input line 179.

Package fancyhdr Warning: \headheight is too small (12.0pt): 
(fancyhdr)                Make it at least 60.9392pt, for example:
(fancyhdr)                \setlength{\headheight}{60.9392pt}.
(fancyhdr)                You might also make \topmargin smaller:
(fancyhdr)                \addtolength{\topmargin}{-48.9392pt}.

[1

]
LaTeX Font Info:    Font shape `TU/Calibri(0)/m/n' will be
(Font)              scaled to size 14.4pt on input line 191.
LaTeX Font Info:    Font shape `TU/Calibri(0)/b/n' will be
(Font)              scaled to size 14.4pt on input line 191.
(plantDiv20260427.toc

File: Logo.png Graphic file (type bmp)
<Logo.png>

Package fancyhdr Warning: \headheight is too small (12.0pt): 
(fancyhdr)                Make it at least 60.9392pt, for example:
(fancyhdr)                \setlength{\headheight}{60.9392pt}.
(fancyhdr)                You might also make \topmargin smaller:
(fancyhdr)                \addtolength{\topmargin}{-48.9392pt}.

[1])
\tf@toc=\write3
\openout3 = `plantDiv20260427.toc'.

(plantDiv20260427.lot
Underfull \hbox (badness 10000) in paragraph at lines 1--1
 [][] [][]\TU/Calibri(0)/m/n/10.95 Table []Summary of site characteristics, inc
luding years of observation and species counts 
 []


Underfull \hbox (badness 10000) in paragraph at lines 2--2
 [][] [][]\TU/Calibri(0)/m/n/10.95 Table []Summary of counterfactual change det
ection across sites. $[][]$ is the smallest num- 
 []


Underfull \hbox (badness 10000) in paragraph at lines 2--2
 \TU/Calibri(0)/m/n/10.95 ber of plots at which at least 80% of species exceede
d the detection criterion for a 20% 
 []


Underfull \hbox (badness 10000) in paragraph at lines 2--2
 \TU/Calibri(0)/m/n/10.95 relative change. Detection at maximum $[]$ reports th
e percentage of species detectable 
 []


Underfull \hbox (badness 10000) in paragraph at lines 3--3
 [][] [][]\TU/Calibri(0)/m/n/10.95 Table []Summary of multi-year trend detectio
n and slope stability across sites. Trend K* is 
 []


Underfull \hbox (badness 10000) in paragraph at lines 3--3
 \TU/Calibri(0)/m/n/10.95 the smallest number of plots at which at least 80% of
 species met the detection criterion 
 []


Underfull \hbox (badness 10000) in paragraph at lines 3--3
 \TU/Calibri(0)/m/n/10.95 for a 20% imposed cumulative trend. Detection at maxi
mum K reports the percentage 
 []


Underfull \hbox (badness 10000) in paragraph at lines 3--3
 \TU/Calibri(0)/m/n/10.95 of species detectable at the highest available sample
 size. K_CV50 is the smallest num- 
 []


Underfull \hbox (badness 10000) in paragraph at lines 3--3
 \TU/Calibri(0)/m/n/10.95 ber of plots at which the median slope CV was ≤ 0.50,
 and CV at maximum K reports the 
 []

LaTeX Font Info:    Font shape `TU/Calibri(0)/m/it' will be
(Font)              scaled to size 10.95pt on input line 4.

Underfull \hbox (badness 10000) in paragraph at lines 4--4
 [][] [][]\TU/Calibri(0)/m/n/10.95 Table []Site-level recommended sample sizes 
integrating year-to-year change detection 
 []


Underfull \hbox (badness 10000) in paragraph at lines 4--4
 \TU/Calibri(0)/m/n/10.95 and trend stability. Year-to-year K* is the smallest 
number of plots at which at least 80% 
 []


Underfull \hbox (badness 10000) in paragraph at lines 4--4
 \TU/Calibri(0)/m/n/10.95 of species exceeded the detection criterion for a 20%
 relative change. K_CV50 is the 
 []


Underfull \hbox (badness 10000) in paragraph at lines 4--4
 \TU/Calibri(0)/m/n/10.95 smallest number of plots at which median slope CV was
 ≤ 0.50. Recommended K is the 
 []


Underfull \hbox (badness 10000) in paragraph at lines 4--4
 \TU/Calibri(0)/m/n/10.95 maximum of year-to-year K\TU/Calibri(0)/m/it/10.95 , 
K_CV50, and a minimum safeguard of K = 15; when year-to- 
 []

)
\tf@lot=\write4
\openout4 = `plantDiv20260427.lot'.

(plantDiv20260427.lof
Underfull \hbox (badness 10000) in paragraph at lines 2--2
 [][] [][]\TU/Calibri(0)/m/n/10.95 Figure []A diagram of the multiscale plot fo
r observations of plant cover-abundance and 
 []


Underfull \hbox (badness 10000) in paragraph at lines 3--3
 [][] [][]\TU/Calibri(0)/m/n/10.95 Figure []Counterfactual change detection acr
oss three example sites. Curves show the per- 
 []


Underfull \hbox (badness 10000) in paragraph at lines 3--3
 \TU/Calibri(0)/m/n/10.95 centage of species with detection probability at leas
t 0.80 as a function of the number of 
 []


Underfull \hbox (badness 10000) in paragraph at lines 4--4
 [][] [][]\TU/Calibri(0)/m/n/10.95 Figure []Trend detection across three exampl
e sites. Curves show the fraction of species 
 []


Underfull \hbox (badness 10000) in paragraph at lines 4--4
 \TU/Calibri(0)/m/n/10.95 with detection probability at least 0.80 as a functio
n of the number of plots sampled per 
 []


Underfull \hbox (badness 10000) in paragraph at lines 6--6
 [][] [][]\TU/Calibri(0)/m/n/10.95 Figure []Year-to-year change detection curve
s for all sites across evaluated effect sizes 
 []



File: Logo.png Graphic file (type bmp)
<Logo.png>

Package fancyhdr Warning: \headheight is too small (12.0pt): 
(fancyhdr)                Make it at least 60.9392pt, for example:
(fancyhdr)                \setlength{\headheight}{60.9392pt}.
(fancyhdr)                You might also make \topmargin smaller:
(fancyhdr)                \addtolength{\topmargin}{-48.9392pt}.

[2]
Underfull \hbox (badness 10000) in paragraph at lines 8--8
 [][] [][]\TU/Calibri(0)/m/n/10.95 Figure []Slope stability across all sites, s
howing the coefficient of variation (CV) of slope 
 []

)
\tf@lof=\write5
\openout5 = `plantDiv20260427.lof'.



File: Logo.png Graphic file (type bmp)
<Logo.png>

Package fancyhdr Warning: \headheight is too small (12.0pt): 
(fancyhdr)                Make it at least 60.9392pt, for example:
(fancyhdr)                \setlength{\headheight}{60.9392pt}.
(fancyhdr)                You might also make \topmargin smaller:
(fancyhdr)                \addtolength{\topmargin}{-48.9392pt}.

[3]
LaTeX Font Info:    Font shape `TU/Calibri(0)/b/n' will be
(Font)              scaled to size 12.0pt on input line 227.
File: plotLayout.png Graphic file (type bmp)
<plotLayout.png>

Underfull \hbox (badness 10000) in paragraph at lines 256--256
[]\TU/Calibri(0)/m/n/10.95 Figure 1: |A diagram of the multiscale plot for obse
rvations of plant cover-abundance and occurrence
 []



File: Logo.png Graphic file (type bmp)
<Logo.png>

Package fancyhdr Warning: \headheight is too small (12.0pt): 
(fancyhdr)                Make it at least 60.9392pt, for example:
(fancyhdr)                \setlength{\headheight}{60.9392pt}.
(fancyhdr)                You might also make \topmargin smaller:
(fancyhdr)                \addtolength{\topmargin}{-48.9392pt}.

[1]
Overfull \vbox (37.20062pt too high) has occurred while \output is active []



File: Logo.png Graphic file (type bmp)
<Logo.png>

Package fancyhdr Warning: \headheight is too small (12.0pt): 
(fancyhdr)                Make it at least 60.9392pt, for example:
(fancyhdr)                \setlength{\headheight}{60.9392pt}.
(fancyhdr)                You might also make \topmargin smaller:
(fancyhdr)                \addtolength{\topmargin}{-48.9392pt}.

[2]

File: Logo.png Graphic file (type bmp)
<Logo.png>

Package fancyhdr Warning: \headheight is too small (12.0pt): 
(fancyhdr)                Make it at least 60.9392pt, for example:
(fancyhdr)                \setlength{\headheight}{60.9392pt}.
(fancyhdr)                You might also make \topmargin smaller:
(fancyhdr)                \addtolength{\topmargin}{-48.9392pt}.

[3]
Overfull \hbox (2.04471pt too wide) in paragraph at lines 386--386
[]|\TU/Calibri(0)/m/n/10.95 RD[01]| 
 []


Overfull \hbox (2.04471pt too wide) in paragraph at lines 386--386
[]|\TU/Calibri(0)/m/n/10.95 RD[02]| 
 []


Overfull \hbox (2.04471pt too wide) in paragraph at lines 386--386
[]|\TU/Calibri(0)/m/n/10.95 RD[03]| 
 []


Overfull \hbox (2.04471pt too wide) in paragraph at lines 386--386
[]|\TU/Calibri(0)/m/n/10.95 RD[04]| 
 []



File: Logo.png Graphic file (type bmp)
<Logo.png>

Package fancyhdr Warning: \headheight is too small (12.0pt): 
(fancyhdr)                Make it at least 60.9392pt, for example:
(fancyhdr)                \setlength{\headheight}{60.9392pt}.
(fancyhdr)                You might also make \topmargin smaller:
(fancyhdr)                \addtolength{\topmargin}{-48.9392pt}.

[4]

File: Logo.png Graphic file (type bmp)
<Logo.png>

Package fancyhdr Warning: \headheight is too small (12.0pt): 
(fancyhdr)                Make it at least 60.9392pt, for example:
(fancyhdr)                \setlength{\headheight}{60.9392pt}.
(fancyhdr)                You might also make \topmargin smaller:
(fancyhdr)                \addtolength{\topmargin}{-48.9392pt}.

[5]
LaTeX Font Info:    Font shape `TU/Calibri(1)/b/n' will be
(Font)              scaled to size 10.84723pt on input line 471.
LaTeX Font Info:    Font shape `TU/Calibri(1)/b/n' will be
(Font)              scaled to size 7.59306pt on input line 471.
LaTeX Font Info:    Font shape `TU/Calibri(1)/b/n' will be
(Font)              scaled to size 5.42361pt on input line 471.
LaTeX Font Info:    Font shape `TU/Calibri(0)/m/n' will be
(Font)              scaled to size 7.665pt on input line 471.
LaTeX Font Info:    Font shape `TU/Calibri(0)/m/n' will be
(Font)              scaled to size 5.475pt on input line 471.
LaTeX Font Info:    Font shape `TU/latinmodern-math.otf(1)/b/n' will be
(Font)              scaled to size 11.79744pt on input line 471.
LaTeX Font Info:    Font shape `TU/latinmodern-math.otf(1)/b/n' will be
(Font)              scaled to size 8.2582pt on input line 471.
LaTeX Font Info:    Font shape `TU/latinmodern-math.otf(1)/b/n' will be
(Font)              scaled to size 5.89873pt on input line 471.
LaTeX Font Info:    Font shape `TU/latinmodern-math.otf(2)/b/n' will be
(Font)              scaled to size 11.79861pt on input line 471.
LaTeX Font Info:    Font shape `TU/latinmodern-math.otf(2)/b/n' will be
(Font)              scaled to size 8.25902pt on input line 471.
LaTeX Font Info:    Font shape `TU/latinmodern-math.otf(2)/b/n' will be
(Font)              scaled to size 5.8993pt on input line 471.
LaTeX Font Info:    Font shape `TU/latinmodern-math.otf(3)/b/n' will be
(Font)              scaled to size 11.7961pt on input line 471.
LaTeX Font Info:    Font shape `TU/latinmodern-math.otf(3)/b/n' will be
(Font)              scaled to size 8.25726pt on input line 471.
LaTeX Font Info:    Font shape `TU/latinmodern-math.otf(3)/b/n' will be
(Font)              scaled to size 5.89806pt on input line 471.


File: Logo.png Graphic file (type bmp)
<Logo.png>
LaTeX Font Info:    Font shape `TU/Calibri(1)/b/n' will be
(Font)              scaled to size 8.91554pt on input line 502.
LaTeX Font Info:    Font shape `TU/Calibri(1)/b/n' will be
(Font)              scaled to size 5.9437pt on input line 502.
LaTeX Font Info:    Font shape `TU/Calibri(1)/b/n' will be
(Font)              scaled to size 4.95308pt on input line 502.

Package fancyhdr Warning: \headheight is too small (12.0pt): 
(fancyhdr)                Make it at least 60.9392pt, for example:
(fancyhdr)                \setlength{\headheight}{60.9392pt}.
(fancyhdr)                You might also make \topmargin smaller:
(fancyhdr)                \addtolength{\topmargin}{-48.9392pt}.

[6]

File: Logo.png Graphic file (type bmp)
<Logo.png>

Package fancyhdr Warning: \headheight is too small (12.0pt): 
(fancyhdr)                Make it at least 60.9392pt, for example:
(fancyhdr)                \setlength{\headheight}{60.9392pt}.
(fancyhdr)                You might also make \topmargin smaller:
(fancyhdr)                \addtolength{\topmargin}{-48.9392pt}.

[7]

File: Logo.png Graphic file (type bmp)
<Logo.png>

Package fancyhdr Warning: \headheight is too small (12.0pt): 
(fancyhdr)                Make it at least 60.9392pt, for example:
(fancyhdr)                \setlength{\headheight}{60.9392pt}.
(fancyhdr)                You might also make \topmargin smaller:
(fancyhdr)                \addtolength{\topmargin}{-48.9392pt}.

[8]

File: Logo.png Graphic file (type bmp)
<Logo.png>

Package fancyhdr Warning: \headheight is too small (12.0pt): 
(fancyhdr)                Make it at least 60.9392pt, for example:
(fancyhdr)                \setlength{\headheight}{60.9392pt}.
(fancyhdr)                You might also make \topmargin smaller:
(fancyhdr)                \addtolength{\topmargin}{-48.9392pt}.

[9]

File: Logo.png Graphic file (type bmp)
<Logo.png>

Package fancyhdr Warning: \headheight is too small (12.0pt): 
(fancyhdr)                Make it at least 60.9392pt, for example:
(fancyhdr)                \setlength{\headheight}{60.9392pt}.
(fancyhdr)                You might also make \topmargin smaller:
(fancyhdr)                \addtolength{\topmargin}{-48.9392pt}.

[10]

File: Logo.png Graphic file (type bmp)
<Logo.png>

Package fancyhdr Warning: \headheight is too small (12.0pt): 
(fancyhdr)                Make it at least 60.9392pt, for example:
(fancyhdr)                \setlength{\headheight}{60.9392pt}.
(fancyhdr)                You might also make \topmargin smaller:
(fancyhdr)                \addtolength{\topmargin}{-48.9392pt}.

[11]
LaTeX Font Info:    Font shape `TU/Calibri(1)/m/n' will be
(Font)              scaled to size 10.95pt on input line 860.
LaTeX Font Info:    Font shape `TU/Calibri(1)/m/n' will be
(Font)              scaled to size 7.665pt on input line 860.
LaTeX Font Info:    Font shape `TU/Calibri(1)/m/n' will be
(Font)              scaled to size 5.475pt on input line 860.


File: Logo.png Graphic file (type bmp)
<Logo.png>
LaTeX Font Info:    Font shape `TU/Calibri(1)/m/n' will be
(Font)              scaled to size 9.0pt on input line 897.
LaTeX Font Info:    Font shape `TU/Calibri(1)/m/n' will be
(Font)              scaled to size 6.0pt on input line 897.
LaTeX Font Info:    Font shape `TU/Calibri(1)/m/n' will be
(Font)              scaled to size 5.0pt on input line 897.

Package fancyhdr Warning: \headheight is too small (12.0pt): 
(fancyhdr)                Make it at least 60.9392pt, for example:
(fancyhdr)                \setlength{\headheight}{60.9392pt}.
(fancyhdr)                You might also make \topmargin smaller:
(fancyhdr)                \addtolength{\topmargin}{-48.9392pt}.

[12]

File: Logo.png Graphic file (type bmp)
<Logo.png>

Package fancyhdr Warning: \headheight is too small (12.0pt): 
(fancyhdr)                Make it at least 60.9392pt, for example:
(fancyhdr)                \setlength{\headheight}{60.9392pt}.
(fancyhdr)                You might also make \topmargin smaller:
(fancyhdr)                \addtolength{\topmargin}{-48.9392pt}.

[13]
Underfull \hbox (badness 10000) in paragraph at lines 1025--1025
[]\TU/Calibri(0)/m/n/10.95 Table 1: |Summary of site characteristics, including
 years of observation and species counts for observed,
 []


Overfull \hbox (16.29282pt too wide) in paragraph at lines 1028--1029
[]\TU/Calibri(0)/m/n/10.95 Domain  
 []


Overfull \hbox (7.03636pt too wide) in paragraph at lines 1034--1035
[]\TU/Calibri(0)/m/n/10.95 Years  
 []


Overfull \hbox (16.29282pt too wide) in paragraph at lines 1048--1049
[]\TU/Calibri(0)/m/n/10.95 Domain  
 []


Overfull \hbox (7.03636pt too wide) in paragraph at lines 1054--1055
[]\TU/Calibri(0)/m/n/10.95 Years  
 []


Overfull \hbox (0.67403pt too wide) in paragraph at lines 1084--1084
[]|\TU/Calibri(0)/m/n/10.95 GUAN|  
 []


Overfull \hbox (0.67937pt too wide) in paragraph at lines 1098--1098
[]|\TU/Calibri(0)/m/n/10.95 GRSM|  
 []


Overfull \hbox (4.43808pt too wide) in paragraph at lines 1106--1106
[]|\TU/Calibri(0)/m/n/10.95 WOOD|  
 []


Overfull \hbox (1.6097pt too wide) in paragraph at lines 1115--1115
[]|\TU/Calibri(0)/m/n/10.95 RMNP|  
 []


Overfull \hbox (2.35823pt too wide) in paragraph at lines 1122--1122
[]|\TU/Calibri(0)/m/n/10.95 MOAB|  
 []


Overfull \hbox (1.47603pt too wide) in paragraph at lines 1128--1128
[]|\TU/Calibri(0)/m/n/10.95 ONAQ|  
 []


Overfull \hbox (2.64694pt too wide) in paragraph at lines 1142--1142
[]|\TU/Calibri(0)/m/n/10.95 PUUM|  
 []



File: Logo.png Graphic file (type bmp)
<Logo.png>

Package fancyhdr Warning: \headheight is too small (12.0pt): 
(fancyhdr)                Make it at least 60.9392pt, for example:
(fancyhdr)                \setlength{\headheight}{60.9392pt}.
(fancyhdr)                You might also make \topmargin smaller:
(fancyhdr)                \addtolength{\topmargin}{-48.9392pt}.

[14]
File: Logo.png Graphic file (type bmp)
<Logo.png>

Package fancyhdr Warning: \headheight is too small (12.0pt): 
(fancyhdr)                Make it at least 60.9392pt, for example:
(fancyhdr)                \setlength{\headheight}{60.9392pt}.
(fancyhdr)                You might also make \topmargin smaller:
(fancyhdr)                \addtolength{\topmargin}{-48.9392pt}.

[15]
File: Logo.png Graphic file (type bmp)
<Logo.png>

Package fancyhdr Warning: \headheight is too small (12.0pt): 
(fancyhdr)                Make it at least 60.9392pt, for example:
(fancyhdr)                \setlength{\headheight}{60.9392pt}.
(fancyhdr)                You might also make \topmargin smaller:
(fancyhdr)                \addtolength{\topmargin}{-48.9392pt}.

[16]
File: fig_power_curves_ABBY_GRSM_BONA.png Graphic file (type bmp)
<fig_power_curves_ABBY_GRSM_BONA.png>

Underfull \hbox (badness 10000) in paragraph at lines 1174--1174
[]\TU/Calibri(0)/m/n/10.95 Figure 2: |Counterfactual change detection across th
ree example sites. Curves show the percentage of
 []


Underfull \hbox (badness 10000) in paragraph at lines 1174--1174
\TU/Calibri(0)/m/n/10.95 species with detection probability at least 0.80 as a 
function of the number of plots sampled per year ($[]$),
 []



File: Logo.png Graphic file (type bmp)
<Logo.png>

Package fancyhdr Warning: \headheight is too small (12.0pt): 
(fancyhdr)                Make it at least 60.9392pt, for example:
(fancyhdr)                \setlength{\headheight}{60.9392pt}.
(fancyhdr)                You might also make \topmargin smaller:
(fancyhdr)                \addtolength{\topmargin}{-48.9392pt}.

[17]

File: Logo.png Graphic file (type bmp)
<Logo.png>

Package fancyhdr Warning: \headheight is too small (12.0pt): 
(fancyhdr)                Make it at least 60.9392pt, for example:
(fancyhdr)                \setlength{\headheight}{60.9392pt}.
(fancyhdr)                You might also make \topmargin smaller:
(fancyhdr)                \addtolength{\topmargin}{-48.9392pt}.

[18]
Underfull \hbox (badness 10000) in paragraph at lines 1210--1210
[]\TU/Calibri(0)/m/n/10.95 Table 2: |Summary of counterfactual change detection
 across sites. $[][]$ is the smallest number of plots
 []


Underfull \hbox (badness 10000) in paragraph at lines 1210--1210
\TU/Calibri(0)/m/n/10.95 at which at least 80% of species exceeded the detectio
n criterion for a 20% relative change. Detection at
 []


Underfull \hbox (badness 10000) in paragraph at lines 1210--1210
\TU/Calibri(0)/m/n/10.95 maximum $[]$ reports the percentage of species detecta
ble at the highest available sample size for each
 []


Overfull \hbox (10.67285pt too wide) in paragraph at lines 1213--1214
[]\TU/Calibri(0)/m/n/10.95 Domain  
 []


Overfull \hbox (10.67285pt too wide) in paragraph at lines 1229--1230
[]\TU/Calibri(0)/m/n/10.95 Domain  
 []


Overfull \hbox (0.7708pt too wide) in paragraph at lines 1246--1246
[]|\TU/Calibri(0)/m/n/10.95 10|  
 []


Overfull \hbox (0.7708pt too wide) in paragraph at lines 1247--1247
[]|\TU/Calibri(0)/m/n/10.95 10|  
 []


Overfull \hbox (0.7708pt too wide) in paragraph at lines 1249--1249
[]|\TU/Calibri(0)/m/n/10.95 10|  
 []


Overfull \hbox (0.7708pt too wide) in paragraph at lines 1250--1250
[]|\TU/Calibri(0)/m/n/10.95 10|  
 []


Overfull \hbox (0.7708pt too wide) in paragraph at lines 1251--1251
[]|\TU/Calibri(0)/m/n/10.95 15|  
 []


Overfull \hbox (0.7708pt too wide) in paragraph at lines 1252--1252
[]|\TU/Calibri(0)/m/n/10.95 15|  
 []


Overfull \hbox (0.7708pt too wide) in paragraph at lines 1253--1253
[]|\TU/Calibri(0)/m/n/10.95 15|  
 []


Overfull \hbox (0.7708pt too wide) in paragraph at lines 1254--1254
[]|\TU/Calibri(0)/m/n/10.95 15|  
 []


Overfull \hbox (0.7708pt too wide) in paragraph at lines 1255--1255
[]|\TU/Calibri(0)/m/n/10.95 15|  
 []


Overfull \hbox (0.7708pt too wide) in paragraph at lines 1257--1257
[]|\TU/Calibri(0)/m/n/10.95 15|  
 []


Overfull \hbox (0.7708pt too wide) in paragraph at lines 1258--1258
[]|\TU/Calibri(0)/m/n/10.95 20|  
 []


Overfull \hbox (0.7708pt too wide) in paragraph at lines 1259--1259
[]|\TU/Calibri(0)/m/n/10.95 20|  
 []


Overfull \hbox (0.7708pt too wide) in paragraph at lines 1260--1260
[]|\TU/Calibri(0)/m/n/10.95 20|  
 []


Overfull \hbox (0.7708pt too wide) in paragraph at lines 1261--1261
[]|\TU/Calibri(0)/m/n/10.95 20|  
 []


Overfull \hbox (0.7708pt too wide) in paragraph at lines 1262--1262
[]|\TU/Calibri(0)/m/n/10.95 20|  
 []


Overfull \hbox (0.7708pt too wide) in paragraph at lines 1263--1263
[]|\TU/Calibri(0)/m/n/10.95 20|  
 []


Overfull \hbox (0.7708pt too wide) in paragraph at lines 1264--1264
[]|\TU/Calibri(0)/m/n/10.95 20|  
 []


Overfull \hbox (0.7708pt too wide) in paragraph at lines 1265--1265
[]|\TU/Calibri(0)/m/n/10.95 25|  
 []


Overfull \hbox (0.7708pt too wide) in paragraph at lines 1266--1266
[]|\TU/Calibri(0)/m/n/10.95 25|  
 []


Overfull \hbox (0.7708pt too wide) in paragraph at lines 1267--1267
[]|\TU/Calibri(0)/m/n/10.95 25|  
 []


Overfull \hbox (0.7708pt too wide) in paragraph at lines 1268--1268
[]|\TU/Calibri(0)/m/n/10.95 25|  
 []


Overfull \hbox (0.7708pt too wide) in paragraph at lines 1269--1269
[]|\TU/Calibri(0)/m/n/10.95 25|  
 []


Overfull \hbox (0.7708pt too wide) in paragraph at lines 1271--1271
[]|\TU/Calibri(0)/m/n/10.95 25|  
 []


Overfull \hbox (0.7708pt too wide) in paragraph at lines 1272--1272
[]|\TU/Calibri(0)/m/n/10.95 30|  
 []


Overfull \hbox (0.7708pt too wide) in paragraph at lines 1273--1273
[]|\TU/Calibri(0)/m/n/10.95 30|  
 []


Overfull \hbox (0.7708pt too wide) in paragraph at lines 1275--1275
[]|\TU/Calibri(0)/m/n/10.95 30|  
 []


Overfull \hbox (0.7708pt too wide) in paragraph at lines 1276--1276
[]|\TU/Calibri(0)/m/n/10.95 30|  
 []


Overfull \hbox (0.7708pt too wide) in paragraph at lines 1277--1277
[]|\TU/Calibri(0)/m/n/10.95 30|  
 []


Overfull \hbox (3.07523pt too wide) in paragraph at lines 1278--1278
[]|\TU/Calibri(0)/m/n/10.95 NA|  
 []


Overfull \hbox (3.07523pt too wide) in paragraph at lines 1279--1279
[]|\TU/Calibri(0)/m/n/10.95 NA|  
 []


Overfull \hbox (3.07523pt too wide) in paragraph at lines 1280--1280
[]|\TU/Calibri(0)/m/n/10.95 NA|  
 []


Overfull \hbox (3.07523pt too wide) in paragraph at lines 1281--1281
[]|\TU/Calibri(0)/m/n/10.95 NA|  
 []


Overfull \hbox (3.07523pt too wide) in paragraph at lines 1282--1282
[]|\TU/Calibri(0)/m/n/10.95 NA|  
 []


Overfull \hbox (3.07523pt too wide) in paragraph at lines 1283--1283
[]|\TU/Calibri(0)/m/n/10.95 NA|  
 []


Overfull \hbox (3.07523pt too wide) in paragraph at lines 1284--1284
[]|\TU/Calibri(0)/m/n/10.95 NA|  
 []


Overfull \hbox (3.07523pt too wide) in paragraph at lines 1285--1285
[]|\TU/Calibri(0)/m/n/10.95 NA|  
 []


Overfull \hbox (3.07523pt too wide) in paragraph at lines 1286--1286
[]|\TU/Calibri(0)/m/n/10.95 NA|  
 []


Overfull \hbox (3.07523pt too wide) in paragraph at lines 1287--1287
[]|\TU/Calibri(0)/m/n/10.95 NA|  
 []


Overfull \hbox (3.07523pt too wide) in paragraph at lines 1288--1288
[]|\TU/Calibri(0)/m/n/10.95 NA|  
 []


Overfull \hbox (3.07523pt too wide) in paragraph at lines 1289--1289
[]|\TU/Calibri(0)/m/n/10.95 NA|  
 []


Overfull \hbox (3.07523pt too wide) in paragraph at lines 1290--1290
[]|\TU/Calibri(0)/m/n/10.95 NA|  
 []


Overfull \hbox (3.07523pt too wide) in paragraph at lines 1291--1291
[]|\TU/Calibri(0)/m/n/10.95 NA|  
 []


Overfull \hbox (3.07523pt too wide) in paragraph at lines 1292--1292
[]|\TU/Calibri(0)/m/n/10.95 NA|  
 []


Overfull \hbox (3.07523pt too wide) in paragraph at lines 1293--1293
[]|\TU/Calibri(0)/m/n/10.95 NA|  
 []


Overfull \hbox (3.07523pt too wide) in paragraph at lines 1294--1294
[]|\TU/Calibri(0)/m/n/10.95 NA|  
 []

File: Logo.png Graphic file (type bmp)
<Logo.png>

Package fancyhdr Warning: \headheight is too small (12.0pt): 
(fancyhdr)                Make it at least 60.9392pt, for example:
(fancyhdr)                \setlength{\headheight}{60.9392pt}.
(fancyhdr)                You might also make \topmargin smaller:
(fancyhdr)                \addtolength{\topmargin}{-48.9392pt}.

[19]

File: Logo.png Graphic file (type bmp)
<Logo.png>

Package fancyhdr Warning: \headheight is too small (12.0pt): 
(fancyhdr)                Make it at least 60.9392pt, for example:
(fancyhdr)                \setlength{\headheight}{60.9392pt}.
(fancyhdr)                You might also make \topmargin smaller:
(fancyhdr)                \addtolength{\topmargin}{-48.9392pt}.

[20]
File: fig_trend_detection_ABBY_GRSM_BONA.png Graphic file (type bmp)
<fig_trend_detection_ABBY_GRSM_BONA.png>

Underfull \hbox (badness 10000) in paragraph at lines 1332--1332
[]\TU/Calibri(0)/m/n/10.95 Figure 3: |Trend detection across three example site
s. Curves show the fraction of species with detection
 []


Underfull \hbox (badness 10000) in paragraph at lines 1332--1332
\TU/Calibri(0)/m/n/10.95 probability at least 0.80 as a function of the number 
of plots sampled per year ($[]$), for imposed cumula-
 []


Underfull \hbox (badness 10000) in paragraph at lines 1378--1378
[]\TU/Calibri(0)/m/n/10.95 Table 3: |Summary of multi-year trend detection and 
slope stability across sites. Trend K* is the smallest
 []


Underfull \hbox (badness 10000) in paragraph at lines 1378--1378
\TU/Calibri(0)/m/n/10.95 number of plots at which at least 80% of species met t
he detection criterion for a 20% imposed cumula-
 []


Underfull \hbox (badness 10000) in paragraph at lines 1378--1378
\TU/Calibri(0)/m/n/10.95 tive trend. Detection at maximum K reports the percent
age of species detectable at the highest available
 []


Underfull \hbox (badness 10000) in paragraph at lines 1378--1378
\TU/Calibri(0)/m/n/10.95 sample size. K_CV50 is the smallest number of plots at
 which the median slope CV was ≤ 0.50, and CV at
 []


Overfull \hbox (16.29282pt too wide) in paragraph at lines 1381--1382
[]\TU/Calibri(0)/m/n/10.95 Domain  
 []


Overfull \hbox (1.25923pt too wide) in paragraph at lines 1387--1388
[]\TU/Calibri(0)/m/n/10.95 Trend 
 []


Overfull \hbox (15.81696pt too wide) in paragraph at lines 1391--1392
[]\TU/Calibri(0)/m/n/10.95 K_CV50  
 []


Overfull \hbox (3.14984pt too wide) in paragraph at lines 1395--1396
[]\TU/Calibri(0)/m/n/10.95 Max 
 []


Overfull \hbox (16.29282pt too wide) in paragraph at lines 1401--1402
[]\TU/Calibri(0)/m/n/10.95 Domain  
 []


Overfull \hbox (1.25923pt too wide) in paragraph at lines 1407--1408
[]\TU/Calibri(0)/m/n/10.95 Trend 
 []


Overfull \hbox (15.81696pt too wide) in paragraph at lines 1411--1412
[]\TU/Calibri(0)/m/n/10.95 K_CV50  
 []


Overfull \hbox (3.14984pt too wide) in paragraph at lines 1415--1416
[]\TU/Calibri(0)/m/n/10.95 Max 
 []


Overfull \hbox (0.67403pt too wide) in paragraph at lines 1435--1435
[]|\TU/Calibri(0)/m/n/10.95 GUAN|  
 []


Overfull \hbox (0.67937pt too wide) in paragraph at lines 1446--1446
[]|\TU/Calibri(0)/m/n/10.95 GRSM|  
 []


Overfull \hbox (4.43808pt too wide) in paragraph at lines 1456--1456
[]|\TU/Calibri(0)/m/n/10.95 WOOD|  
 []


Overfull \hbox (1.6097pt too wide) in paragraph at lines 1460--1460
[]|\TU/Calibri(0)/m/n/10.95 RMNP|  
 []


Overfull \hbox (2.35823pt too wide) in paragraph at lines 1467--1467
[]|\TU/Calibri(0)/m/n/10.95 MOAB|  
 []


Overfull \hbox (1.47603pt too wide) in paragraph at lines 1472--1472
[]|\TU/Calibri(0)/m/n/10.95 ONAQ|  
 []


Overfull \hbox (2.64694pt too wide) in paragraph at lines 1486--1486
[]|\TU/Calibri(0)/m/n/10.95 PUUM|  
 []



File: Logo.png Graphic file (type bmp)
<Logo.png>

Package fancyhdr Warning: \headheight is too small (12.0pt): 
(fancyhdr)                Make it at least 60.9392pt, for example:
(fancyhdr)                \setlength{\headheight}{60.9392pt}.
(fancyhdr)                You might also make \topmargin smaller:
(fancyhdr)                \addtolength{\topmargin}{-48.9392pt}.

[21]

File: Logo.png Graphic file (type bmp)
<Logo.png>

Package fancyhdr Warning: \headheight is too small (12.0pt): 
(fancyhdr)                Make it at least 60.9392pt, for example:
(fancyhdr)                \setlength{\headheight}{60.9392pt}.
(fancyhdr)                You might also make \topmargin smaller:
(fancyhdr)                \addtolength{\topmargin}{-48.9392pt}.

[22]
File: Logo.png Graphic file (type bmp)
<Logo.png>

Package fancyhdr Warning: \headheight is too small (12.0pt): 
(fancyhdr)                Make it at least 60.9392pt, for example:
(fancyhdr)                \setlength{\headheight}{60.9392pt}.
(fancyhdr)                You might also make \topmargin smaller:
(fancyhdr)                \addtolength{\topmargin}{-48.9392pt}.

[23]

File: Logo.png Graphic file (type bmp)
<Logo.png>

Package fancyhdr Warning: \headheight is too small (12.0pt): 
(fancyhdr)                Make it at least 60.9392pt, for example:
(fancyhdr)                \setlength{\headheight}{60.9392pt}.
(fancyhdr)                You might also make \topmargin smaller:
(fancyhdr)                \addtolength{\topmargin}{-48.9392pt}.

[24]

File: Logo.png Graphic file (type bmp)
<Logo.png>

Package fancyhdr Warning: \headheight is too small (12.0pt): 
(fancyhdr)                Make it at least 60.9392pt, for example:
(fancyhdr)                \setlength{\headheight}{60.9392pt}.
(fancyhdr)                You might also make \topmargin smaller:
(fancyhdr)                \addtolength{\topmargin}{-48.9392pt}.

[25]
Underfull \hbox (badness 10000) in paragraph at lines 1587--1587
[]\TU/Calibri(0)/m/n/10.95 Table 4: |Site-level recommended sample sizes integr
ating year-to-year change detection and trend sta-
 []


Underfull \hbox (badness 10000) in paragraph at lines 1587--1587
\TU/Calibri(0)/m/n/10.95 bility. Year-to-year K* is the smallest number of plot
s at which at least 80% of species exceeded the
 []


Underfull \hbox (badness 10000) in paragraph at lines 1587--1587
\TU/Calibri(0)/m/n/10.95 detection criterion for a 20% relative change. K_CV50 
is the smallest number of plots at which median
 []


Underfull \hbox (badness 10000) in paragraph at lines 1587--1587
\TU/Calibri(0)/m/n/10.95 slope CV was ≤ 0.50. Recommended K is the maximum of y
ear-to-year K\TU/Calibri(0)/m/it/10.95 , K_CV50, and a minimum safe-
 []


Underfull \hbox (badness 10000) in paragraph at lines 1587--1587
\TU/Calibri(0)/m/it/10.95 guard of K = 15; when year-to-year K \TU/Calibri(0)/m
/n/10.95 was not reached, the recommendation is to retain the maximum
 []


Overfull \hbox (25.83267pt too wide) in paragraph at lines 1590--1591
[]\TU/Calibri(0)/m/n/10.95 Domain  
 []


Overfull \hbox (3.775pt too wide) in paragraph at lines 1594--1595
[]\TU/Calibri(0)/m/n/10.95 Site 
 []


Overfull \hbox (10.04665pt too wide) in paragraph at lines 1594--1595
\TU/Calibri(0)/m/n/10.95 Code  
 []


Overfull \hbox (13.51808pt too wide) in paragraph at lines 1598--1599
[]\TU/Calibri(0)/m/n/10.95 Trend 
 []


Overfull \hbox (25.35681pt too wide) in paragraph at lines 1600--1601
[]\TU/Calibri(0)/m/n/10.95 K_CV50  
 []


Overfull \hbox (11.33995pt too wide) in paragraph at lines 1602--1603
[]\TU/Calibri(0)/m/n/10.95 Max 
 []


Overfull \hbox (49.25829pt too wide) in paragraph at lines 1604--1605
[]\TU/Calibri(0)/m/n/10.95 Recommended 
 []


Overfull \hbox (3.31068pt too wide) in paragraph at lines 1606--1607
[]\TU/Calibri(0)/m/n/10.95 Recommendation 
 []


Overfull \hbox (25.83267pt too wide) in paragraph at lines 1614--1615
[]\TU/Calibri(0)/m/n/10.95 Domain  
 []


Overfull \hbox (3.775pt too wide) in paragraph at lines 1618--1619
[]\TU/Calibri(0)/m/n/10.95 Site 
 []


Overfull \hbox (10.04665pt too wide) in paragraph at lines 1618--1619
\TU/Calibri(0)/m/n/10.95 Code  
 []


Overfull \hbox (13.51808pt too wide) in paragraph at lines 1622--1623
[]\TU/Calibri(0)/m/n/10.95 Trend 
 []


Overfull \hbox (25.35681pt too wide) in paragraph at lines 1624--1625
[]\TU/Calibri(0)/m/n/10.95 K_CV50  
 []


Overfull \hbox (11.33995pt too wide) in paragraph at lines 1626--1627
[]\TU/Calibri(0)/m/n/10.95 Max 
 []


Overfull \hbox (49.25829pt too wide) in paragraph at lines 1628--1629
[]\TU/Calibri(0)/m/n/10.95 Recommended 
 []


Overfull \hbox (3.31068pt too wide) in paragraph at lines 1630--1631
[]\TU/Calibri(0)/m/n/10.95 Recommendation 
 []


Overfull \hbox (8.89973pt too wide) in paragraph at lines 1638--1638
[]|\TU/Calibri(0)/m/n/10.95 D01|  
 []


Overfull \hbox (10.59201pt too wide) in paragraph at lines 1638--1638
[]|\TU/Calibri(0)/m/n/10.95 BART|  
 []


Overfull \hbox (1.90057pt too wide) in paragraph at lines 1638--1638
[]|\TU/Calibri(0)/m/n/10.95 NA|  
 []


Overfull \hbox (2.16292pt too wide) in paragraph at lines 1638--1638
[]|\TU/Calibri(0)/m/n/10.95 10|  
 []


Overfull \hbox (3.43251pt too wide) in paragraph at lines 1638--1638
[]|\TU/Calibri(0)/m/n/10.95 30|  
 []


Overfull \hbox (8.89973pt too wide) in paragraph at lines 1641--1641
[]|\TU/Calibri(0)/m/n/10.95 D01|  
 []


Overfull \hbox (12.39919pt too wide) in paragraph at lines 1641--1641
[]|\TU/Calibri(0)/m/n/10.95 HARV|  
 []


Overfull \hbox (1.90057pt too wide) in paragraph at lines 1641--1641
[]|\TU/Calibri(0)/m/n/10.95 NA|  
 []


Overfull \hbox (2.16292pt too wide) in paragraph at lines 1641--1641
[]|\TU/Calibri(0)/m/n/10.95 20|  
 []


Overfull \hbox (3.43251pt too wide) in paragraph at lines 1641--1641
[]|\TU/Calibri(0)/m/n/10.95 30|  
 []


Overfull \hbox (8.89973pt too wide) in paragraph at lines 1645--1645
[]|\TU/Calibri(0)/m/n/10.95 D02|  
 []


Overfull \hbox (11.19618pt too wide) in paragraph at lines 1645--1645
[]|\TU/Calibri(0)/m/n/10.95 BLAN|  
 []


Overfull \hbox (2.16292pt too wide) in paragraph at lines 1645--1645
[]|\TU/Calibri(0)/m/n/10.95 10|  
 []


Overfull \hbox (3.43251pt too wide) in paragraph at lines 1645--1645
[]|\TU/Calibri(0)/m/n/10.95 20|  
 []


Overfull \hbox (8.89973pt too wide) in paragraph at lines 1649--1649
[]|\TU/Calibri(0)/m/n/10.95 D02|  
 []


Overfull \hbox (6.81726pt too wide) in paragraph at lines 1649--1649
[]|\TU/Calibri(0)/m/n/10.95 SCBI|  
 []


Overfull \hbox (1.90057pt too wide) in paragraph at lines 1649--1649
[]|\TU/Calibri(0)/m/n/10.95 NA|  
 []


Overfull \hbox (2.16292pt too wide) in paragraph at lines 1649--1649
[]|\TU/Calibri(0)/m/n/10.95 15|  
 []


Overfull \hbox (3.43251pt too wide) in paragraph at lines 1650--1650
[]|\TU/Calibri(0)/m/n/10.95 24|  
 []


Overfull \hbox (8.89973pt too wide) in paragraph at lines 1653--1653
[]|\TU/Calibri(0)/m/n/10.95 D02|  
 []


Overfull \hbox (9.29811pt too wide) in paragraph at lines 1653--1653
[]|\TU/Calibri(0)/m/n/10.95 SERC|  
 []


Overfull \hbox (1.90057pt too wide) in paragraph at lines 1653--1653
[]|\TU/Calibri(0)/m/n/10.95 NA|  
 []


Overfull \hbox (2.16292pt too wide) in paragraph at lines 1653--1653
[]|\TU/Calibri(0)/m/n/10.95 20|  
 []


Overfull \hbox (3.43251pt too wide) in paragraph at lines 1654--1654
[]|\TU/Calibri(0)/m/n/10.95 30|  
 []


Overfull \hbox (8.89973pt too wide) in paragraph at lines 1657--1657
[]|\TU/Calibri(0)/m/n/10.95 D03|  
 []


Overfull \hbox (11.40471pt too wide) in paragraph at lines 1657--1657
[]|\TU/Calibri(0)/m/n/10.95 DSNY|  
 []


Overfull \hbox (1.90057pt too wide) in paragraph at lines 1657--1657
[]|\TU/Calibri(0)/m/n/10.95 NA|  
 []


Overfull \hbox (3.43251pt too wide) in paragraph at lines 1657--1657
[]|\TU/Calibri(0)/m/n/10.95 30|  
 []


Overfull \hbox (8.89973pt too wide) in paragraph at lines 1661--1661
[]|\TU/Calibri(0)/m/n/10.95 D03|  
 []


Overfull \hbox (7.75827pt too wide) in paragraph at lines 1661--1661
[]|\TU/Calibri(0)/m/n/10.95 JERC|  
 []


Overfull \hbox (1.90057pt too wide) in paragraph at lines 1661--1661
[]|\TU/Calibri(0)/m/n/10.95 NA|  
 []


Overfull \hbox (2.16292pt too wide) in paragraph at lines 1661--1661
[]|\TU/Calibri(0)/m/n/10.95 10|  
 []


Overfull \hbox (3.43251pt too wide) in paragraph at lines 1661--1661
[]|\TU/Calibri(0)/m/n/10.95 26|  
 []


Overfull \hbox (8.89973pt too wide) in paragraph at lines 1664--1664
[]|\TU/Calibri(0)/m/n/10.95 D03|  
 []


Overfull \hbox (10.50111pt too wide) in paragraph at lines 1664--1664
[]|\TU/Calibri(0)/m/n/10.95 OSBS|  
 []


Overfull \hbox (1.90057pt too wide) in paragraph at lines 1664--1664
[]|\TU/Calibri(0)/m/n/10.95 NA|  
 []


Overfull \hbox (3.43251pt too wide) in paragraph at lines 1664--1664
[]|\TU/Calibri(0)/m/n/10.95 20|  
 []


Overfull \hbox (8.89973pt too wide) in paragraph at lines 1668--1668
[]|\TU/Calibri(0)/m/n/10.95 D04|  
 []


Overfull \hbox (14.32935pt too wide) in paragraph at lines 1668--1668
[]|\TU/Calibri(0)/m/n/10.95 GUAN|  
 []


Overfull \hbox (1.90057pt too wide) in paragraph at lines 1668--1668
[]|\TU/Calibri(0)/m/n/10.95 NA|  
 []


Overfull \hbox (3.43251pt too wide) in paragraph at lines 1668--1668
[]|\TU/Calibri(0)/m/n/10.95 17|  
 []


Overfull \hbox (8.89973pt too wide) in paragraph at lines 1671--1671
[]|\TU/Calibri(0)/m/n/10.95 D04|  
 []


Overfull \hbox (7.93471pt too wide) in paragraph at lines 1671--1671
[]|\TU/Calibri(0)/m/n/10.95 LAJA|  
 []


Overfull \hbox (2.16292pt too wide) in paragraph at lines 1671--1671
[]|\TU/Calibri(0)/m/n/10.95 10|  
 []


Overfull \hbox (3.43251pt too wide) in paragraph at lines 1671--1671
[]|\TU/Calibri(0)/m/n/10.95 27|  
 []


Overfull \hbox (8.89973pt too wide) in paragraph at lines 1675--1675
[]|\TU/Calibri(0)/m/n/10.95 D05|  
 []


Overfull \hbox (5.6303pt too wide) in paragraph at lines 1675--1675
[]|\TU/Calibri(0)/m/n/10.95 STEI|  
 []


Overfull \hbox (1.90057pt too wide) in paragraph at lines 1675--1675
[]|\TU/Calibri(0)/m/n/10.95 NA|  
 []


Overfull \hbox (3.43251pt too wide) in paragraph at lines 1675--1675
[]|\TU/Calibri(0)/m/n/10.95 29|  
 []


Overfull \hbox (8.89973pt too wide) in paragraph at lines 1679--1679
[]|\TU/Calibri(0)/m/n/10.95 D05|  
 []


Overfull \hbox (9.20723pt too wide) in paragraph at lines 1679--1679
[]|\TU/Calibri(0)/m/n/10.95 TREE|  
 []


Overfull \hbox (3.43251pt too wide) in paragraph at lines 1679--1679
[]|\TU/Calibri(0)/m/n/10.95 26|  
 []


Overfull \hbox (8.89973pt too wide) in paragraph at lines 1682--1682
[]|\TU/Calibri(0)/m/n/10.95 D05|  
 []


Overfull \hbox (13.40971pt too wide) in paragraph at lines 1682--1682
[]|\TU/Calibri(0)/m/n/10.95 UNDE|  
 []


Overfull \hbox (1.90057pt too wide) in paragraph at lines 1683--1683
[]|\TU/Calibri(0)/m/n/10.95 NA|  
 []


Overfull \hbox (3.43251pt too wide) in paragraph at lines 1683--1683
[]|\TU/Calibri(0)/m/n/10.95 29|  
 []


Overfull \hbox (8.89973pt too wide) in paragraph at lines 1686--1686
[]|\TU/Calibri(0)/m/n/10.95 D06|  
 []


Overfull \hbox (13.05684pt too wide) in paragraph at lines 1686--1686
[]|\TU/Calibri(0)/m/n/10.95 KONA|  
 []


Overfull \hbox (1.90057pt too wide) in paragraph at lines 1686--1686
[]|\TU/Calibri(0)/m/n/10.95 NA|  
 []


Overfull \hbox (3.43251pt too wide) in paragraph at lines 1686--1686
[]|\TU/Calibri(0)/m/n/10.95 20|  
 []


Overfull \hbox (8.89973pt too wide) in paragraph at lines 1690--1690
[]|\TU/Calibri(0)/m/n/10.95 D06|  
 []


Overfull \hbox (11.84848pt too wide) in paragraph at lines 1690--1690
[]|\TU/Calibri(0)/m/n/10.95 KONZ|  
 []


Overfull \hbox (1.90057pt too wide) in paragraph at lines 1690--1690
[]|\TU/Calibri(0)/m/n/10.95 NA|  
 []


Overfull \hbox (2.16292pt too wide) in paragraph at lines 1690--1690
[]|\TU/Calibri(0)/m/n/10.95 13|  
 []


Overfull \hbox (3.43251pt too wide) in paragraph at lines 1690--1690
[]|\TU/Calibri(0)/m/n/10.95 29|  
 []


Overfull \hbox (8.89973pt too wide) in paragraph at lines 1694--1694
[]|\TU/Calibri(0)/m/n/10.95 D06|  
 []


Overfull \hbox (9.85417pt too wide) in paragraph at lines 1694--1694
[]|\TU/Calibri(0)/m/n/10.95 UKFS|  
 []


Overfull \hbox (2.16292pt too wide) in paragraph at lines 1694--1694
[]|\TU/Calibri(0)/m/n/10.95 15|  
 []


Overfull \hbox (3.43251pt too wide) in paragraph at lines 1694--1694
[]|\TU/Calibri(0)/m/n/10.95 16|  
 []


Overfull \hbox (8.89973pt too wide) in paragraph at lines 1697--1697
[]|\TU/Calibri(0)/m/n/10.95 D07|  
 []


Overfull \hbox (14.33469pt too wide) in paragraph at lines 1697--1697
[]|\TU/Calibri(0)/m/n/10.95 GRSM|  
 []


Overfull \hbox (1.90057pt too wide) in paragraph at lines 1697--1697
[]|\TU/Calibri(0)/m/n/10.95 NA|  
 []


Overfull \hbox (2.16292pt too wide) in paragraph at lines 1697--1697
[]|\TU/Calibri(0)/m/n/10.95 10|  
 []


Overfull \hbox (3.43251pt too wide) in paragraph at lines 1697--1697
[]|\TU/Calibri(0)/m/n/10.95 30|  
 []


Overfull \hbox (8.89973pt too wide) in paragraph at lines 1701--1701
[]|\TU/Calibri(0)/m/n/10.95 D07|  
 []


Overfull \hbox (12.18532pt too wide) in paragraph at lines 1701--1701
[]|\TU/Calibri(0)/m/n/10.95 MLBS|  
 []


Overfull \hbox (3.43251pt too wide) in paragraph at lines 1701--1701
[]|\TU/Calibri(0)/m/n/10.95 12|  
 []


Overfull \hbox (8.89973pt too wide) in paragraph at lines 1705--1705
[]|\TU/Calibri(0)/m/n/10.95 D07|  
 []


Overfull \hbox (12.09978pt too wide) in paragraph at lines 1705--1705
[]|\TU/Calibri(0)/m/n/10.95 ORNL|  
 []


Overfull \hbox (1.90057pt too wide) in paragraph at lines 1705--1705
[]|\TU/Calibri(0)/m/n/10.95 NA|  
 []


Overfull \hbox (2.16292pt too wide) in paragraph at lines 1705--1705
[]|\TU/Calibri(0)/m/n/10.95 15|  
 []


Overfull \hbox (3.43251pt too wide) in paragraph at lines 1705--1705
[]|\TU/Calibri(0)/m/n/10.95 25|  
 []


Overfull \hbox (8.89973pt too wide) in paragraph at lines 1708--1708
[]|\TU/Calibri(0)/m/n/10.95 D08|  
 []


Overfull \hbox (11.50095pt too wide) in paragraph at lines 1708--1708
[]|\TU/Calibri(0)/m/n/10.95 LENO|  
 []


Overfull \hbox (1.90057pt too wide) in paragraph at lines 1708--1708
[]|\TU/Calibri(0)/m/n/10.95 NA|  
 []


Overfull \hbox (3.43251pt too wide) in paragraph at lines 1708--1708
[]|\TU/Calibri(0)/m/n/10.95 29|  
 []


Overfull \hbox (8.89973pt too wide) in paragraph at lines 1711--1711
[]|\TU/Calibri(0)/m/n/10.95 D08|  
 []


Overfull \hbox (7.25569pt too wide) in paragraph at lines 1711--1711
[]|\TU/Calibri(0)/m/n/10.95 TALL|  
 []


Overfull \hbox (1.90057pt too wide) in paragraph at lines 1711--1711
[]|\TU/Calibri(0)/m/n/10.95 NA|  
 []


Overfull \hbox (2.16292pt too wide) in paragraph at lines 1711--1711
[]|\TU/Calibri(0)/m/n/10.95 10|  
 []


Overfull \hbox (3.43251pt too wide) in paragraph at lines 1711--1711
[]|\TU/Calibri(0)/m/n/10.95 29|  
 []


Overfull \hbox (8.89973pt too wide) in paragraph at lines 1714--1714
[]|\TU/Calibri(0)/m/n/10.95 D09|  
 []


Overfull \hbox (9.71516pt too wide) in paragraph at lines 1714--1714
[]|\TU/Calibri(0)/m/n/10.95 DCFS|  
 []


Overfull \hbox (3.43251pt too wide) in paragraph at lines 1714--1714
[]|\TU/Calibri(0)/m/n/10.95 30|  
 []


Overfull \hbox (8.89973pt too wide) in paragraph at lines 1718--1718
[]|\TU/Calibri(0)/m/n/10.95 D09|  
 []


Overfull \hbox (14.11548pt too wide) in paragraph at lines 1718--1718
[]|\TU/Calibri(0)/m/n/10.95 NOGP|  
 []


Overfull \hbox (1.90057pt too wide) in paragraph at lines 1718--1718
[]|\TU/Calibri(0)/m/n/10.95 NA|  
 []


Overfull \hbox (3.43251pt too wide) in paragraph at lines 1719--1719
[]|\TU/Calibri(0)/m/n/10.95 30|  
 []


Overfull \hbox (8.89973pt too wide) in paragraph at lines 1722--1722
[]|\TU/Calibri(0)/m/n/10.95 D09|  
 []


Overfull \hbox (18.0934pt too wide) in paragraph at lines 1722--1722
[]|\TU/Calibri(0)/m/n/10.95 WOOD|  
 []


Overfull \hbox (1.90057pt too wide) in paragraph at lines 1722--1722
[]|\TU/Calibri(0)/m/n/10.95 NA|  
 []


Overfull \hbox (3.43251pt too wide) in paragraph at lines 1722--1722
[]|\TU/Calibri(0)/m/n/10.95 26|  
 []


Overfull \hbox (8.89973pt too wide) in paragraph at lines 1726--1726
[]|\TU/Calibri(0)/m/n/10.95 D10|  
 []


Overfull \hbox (10.01991pt too wide) in paragraph at lines 1726--1726
[]|\TU/Calibri(0)/m/n/10.95 CPER|  
 []


Overfull \hbox (1.90057pt too wide) in paragraph at lines 1726--1726
[]|\TU/Calibri(0)/m/n/10.95 NA|  
 []


Overfull \hbox (3.43251pt too wide) in paragraph at lines 1726--1726
[]|\TU/Calibri(0)/m/n/10.95 29|  
 []


Overfull \hbox (8.89973pt too wide) in paragraph at lines 1730--1730
[]|\TU/Calibri(0)/m/n/10.95 D10|  
 []


Overfull \hbox (15.26501pt too wide) in paragraph at lines 1730--1730
[]|\TU/Calibri(0)/m/n/10.95 RMNP|  
 []


Overfull \hbox (1.90057pt too wide) in paragraph at lines 1730--1730
[]|\TU/Calibri(0)/m/n/10.95 NA|  
 []


Overfull \hbox (3.43251pt too wide) in paragraph at lines 1730--1730
[]|\TU/Calibri(0)/m/n/10.95 30|  
 []


Overfull \hbox (8.89973pt too wide) in paragraph at lines 1733--1733
[]|\TU/Calibri(0)/m/n/10.95 D10|  
 []


Overfull \hbox (8.81691pt too wide) in paragraph at lines 1733--1733
[]|\TU/Calibri(0)/m/n/10.95 STER|  
 []


Overfull \hbox (1.90057pt too wide) in paragraph at lines 1733--1733
[]|\TU/Calibri(0)/m/n/10.95 NA|  
 []


Overfull \hbox (8.89973pt too wide) in paragraph at lines 1736--1736
[]|\TU/Calibri(0)/m/n/10.95 D11|  
 []


Overfull \hbox (7.12202pt too wide) in paragraph at lines 1736--1736
[]|\TU/Calibri(0)/m/n/10.95 CLBJ|  
 []


Overfull \hbox (1.90057pt too wide) in paragraph at lines 1736--1736
[]|\TU/Calibri(0)/m/n/10.95 NA|  
 []


Overfull \hbox (8.89973pt too wide) in paragraph at lines 1740--1740
[]|\TU/Calibri(0)/m/n/10.95 D11|  
 []


Overfull \hbox (10.96628pt too wide) in paragraph at lines 1740--1740
[]|\TU/Calibri(0)/m/n/10.95 OAES|  
 []


Overfull \hbox (1.90057pt too wide) in paragraph at lines 1740--1740
[]|\TU/Calibri(0)/m/n/10.95 NA|  
 []


Overfull \hbox (3.43251pt too wide) in paragraph at lines 1740--1740
[]|\TU/Calibri(0)/m/n/10.95 30|  
 []


Overfull \hbox (8.89973pt too wide) in paragraph at lines 1744--1744
[]|\TU/Calibri(0)/m/n/10.95 D12|  
 []


Overfull \hbox (7.12202pt too wide) in paragraph at lines 1744--1744
[]|\TU/Calibri(0)/m/n/10.95 YELL|  
 []


Overfull \hbox (1.90057pt too wide) in paragraph at lines 1744--1744
[]|\TU/Calibri(0)/m/n/10.95 NA|  
 []


Overfull \hbox (8.89973pt too wide) in paragraph at lines 1748--1748
[]|\TU/Calibri(0)/m/n/10.95 D13|  
 []


Overfull \hbox (16.01355pt too wide) in paragraph at lines 1748--1748
[]|\TU/Calibri(0)/m/n/10.95 MOAB|  
 []


Overfull \hbox (3.43251pt too wide) in paragraph at lines 1748--1748
[]|\TU/Calibri(0)/m/n/10.95 15|  
 []


Overfull \hbox (8.89973pt too wide) in paragraph at lines 1751--1751
[]|\TU/Calibri(0)/m/n/10.95 D13|  
 []


Overfull \hbox (13.93369pt too wide) in paragraph at lines 1751--1751
[]|\TU/Calibri(0)/m/n/10.95 NIWO|  
 []


Overfull \hbox (1.90057pt too wide) in paragraph at lines 1751--1751
[]|\TU/Calibri(0)/m/n/10.95 NA|  
 []


Overfull \hbox (2.16292pt too wide) in paragraph at lines 1751--1751
[]|\TU/Calibri(0)/m/n/10.95 20|  
 []


Overfull \hbox (3.43251pt too wide) in paragraph at lines 1751--1751
[]|\TU/Calibri(0)/m/n/10.95 30|  
 []


Overfull \hbox (8.89973pt too wide) in paragraph at lines 1754--1754
[]|\TU/Calibri(0)/m/n/10.95 D14|  
 []


Overfull \hbox (10.98767pt too wide) in paragraph at lines 1754--1754
[]|\TU/Calibri(0)/m/n/10.95 JORN|  
 []


Overfull \hbox (1.90057pt too wide) in paragraph at lines 1754--1754
[]|\TU/Calibri(0)/m/n/10.95 NA|  
 []


Overfull \hbox (3.43251pt too wide) in paragraph at lines 1754--1754
[]|\TU/Calibri(0)/m/n/10.95 30|  
 []


Overfull \hbox (8.89973pt too wide) in paragraph at lines 1758--1758
[]|\TU/Calibri(0)/m/n/10.95 D14|  
 []


Overfull \hbox (9.5013pt too wide) in paragraph at lines 1758--1758
[]|\TU/Calibri(0)/m/n/10.95 SRER|  
 []


Overfull \hbox (1.90057pt too wide) in paragraph at lines 1758--1758
[]|\TU/Calibri(0)/m/n/10.95 NA|  
 []


Overfull \hbox (3.43251pt too wide) in paragraph at lines 1758--1758
[]|\TU/Calibri(0)/m/n/10.95 27|  
 []


Overfull \hbox (8.89973pt too wide) in paragraph at lines 1761--1761
[]|\TU/Calibri(0)/m/n/10.95 D15|  
 []


Overfull \hbox (15.13135pt too wide) in paragraph at lines 1761--1761
[]|\TU/Calibri(0)/m/n/10.95 ONAQ|  
 []


Overfull \hbox (1.90057pt too wide) in paragraph at lines 1761--1761
[]|\TU/Calibri(0)/m/n/10.95 NA|  
 []


Overfull \hbox (3.43251pt too wide) in paragraph at lines 1761--1761
[]|\TU/Calibri(0)/m/n/10.95 17|  
 []


Overfull \hbox (8.89973pt too wide) in paragraph at lines 1764--1764
[]|\TU/Calibri(0)/m/n/10.95 D16|  
 []


Overfull \hbox (10.51181pt too wide) in paragraph at lines 1764--1764
[]|\TU/Calibri(0)/m/n/10.95 ABBY|  
 []


Overfull \hbox (3.43251pt too wide) in paragraph at lines 1764--1764
[]|\TU/Calibri(0)/m/n/10.95 29|  
 []


Overfull \hbox (8.89973pt too wide) in paragraph at lines 1767--1767
[]|\TU/Calibri(0)/m/n/10.95 D16|  
 []


Overfull \hbox (13.29744pt too wide) in paragraph at lines 1767--1767
[]|\TU/Calibri(0)/m/n/10.95 WREF|  
 []


Overfull \hbox (1.90057pt too wide) in paragraph at lines 1767--1767
[]|\TU/Calibri(0)/m/n/10.95 NA|  
 []


Overfull \hbox (8.89973pt too wide) in paragraph at lines 1771--1771
[]|\TU/Calibri(0)/m/n/10.95 D17|  
 []


Overfull \hbox (6.99905pt too wide) in paragraph at lines 1771--1771
[]|\TU/Calibri(0)/m/n/10.95 SJER|  
 []


Overfull \hbox (3.43251pt too wide) in paragraph at lines 1771--1771
[]|\TU/Calibri(0)/m/n/10.95 10|  
 []


Overfull \hbox (8.89973pt too wide) in paragraph at lines 1774--1774
[]|\TU/Calibri(0)/m/n/10.95 D17|  
 []


Overfull \hbox (11.38332pt too wide) in paragraph at lines 1774--1774
[]|\TU/Calibri(0)/m/n/10.95 SOAP|  
 []


Overfull \hbox (1.90057pt too wide) in paragraph at lines 1774--1774
[]|\TU/Calibri(0)/m/n/10.95 NA|  
 []


Overfull \hbox (3.43251pt too wide) in paragraph at lines 1774--1774
[]|\TU/Calibri(0)/m/n/10.95 19|  
 []


Overfull \hbox (8.89973pt too wide) in paragraph at lines 1777--1777
[]|\TU/Calibri(0)/m/n/10.95 D17|  
 []


Overfull \hbox (9.8221pt too wide) in paragraph at lines 1777--1777
[]|\TU/Calibri(0)/m/n/10.95 TEAK|  
 []


Overfull \hbox (1.90057pt too wide) in paragraph at lines 1777--1777
[]|\TU/Calibri(0)/m/n/10.95 NA|  
 []


Overfull \hbox (2.16292pt too wide) in paragraph at lines 1777--1777
[]|\TU/Calibri(0)/m/n/10.95 10|  
 []


Overfull \hbox (3.43251pt too wide) in paragraph at lines 1777--1777
[]|\TU/Calibri(0)/m/n/10.95 17|  
 []


Overfull \hbox (8.89973pt too wide) in paragraph at lines 1780--1780
[]|\TU/Calibri(0)/m/n/10.95 D18|  
 []


Overfull \hbox (11.30847pt too wide) in paragraph at lines 1780--1780
[]|\TU/Calibri(0)/m/n/10.95 BARR|  
 []


Overfull \hbox (1.90057pt too wide) in paragraph at lines 1780--1780
[]|\TU/Calibri(0)/m/n/10.95 NA|  
 []


Overfull \hbox (3.43251pt too wide) in paragraph at lines 1780--1780
[]|\TU/Calibri(0)/m/n/10.95 19|  
 []


Overfull \hbox (8.89973pt too wide) in paragraph at lines 1783--1783
[]|\TU/Calibri(0)/m/n/10.95 D18|  
 []


Overfull \hbox (11.36194pt too wide) in paragraph at lines 1783--1783
[]|\TU/Calibri(0)/m/n/10.95 TOOL|  
 []


Overfull \hbox (1.90057pt too wide) in paragraph at lines 1783--1783
[]|\TU/Calibri(0)/m/n/10.95 NA|  
 []


Overfull \hbox (2.16292pt too wide) in paragraph at lines 1783--1783
[]|\TU/Calibri(0)/m/n/10.95 10|  
 []


Overfull \hbox (3.43251pt too wide) in paragraph at lines 1783--1783
[]|\TU/Calibri(0)/m/n/10.95 11|  
 []


Overfull \hbox (8.89973pt too wide) in paragraph at lines 1786--1786
[]|\TU/Calibri(0)/m/n/10.95 D19|  
 []


Overfull \hbox (13.84279pt too wide) in paragraph at lines 1786--1786
[]|\TU/Calibri(0)/m/n/10.95 BONA|  
 []


Overfull \hbox (1.90057pt too wide) in paragraph at lines 1786--1786
[]|\TU/Calibri(0)/m/n/10.95 NA|  
 []


Overfull \hbox (2.16292pt too wide) in paragraph at lines 1786--1786
[]|\TU/Calibri(0)/m/n/10.95 20|  
 []


Overfull \hbox (3.43251pt too wide) in paragraph at lines 1786--1787
[]|\TU/Calibri(0)/m/n/10.95 20|  
 []


Overfull \hbox (8.89973pt too wide) in paragraph at lines 1790--1790
[]|\TU/Calibri(0)/m/n/10.95 D19|  
 []


Overfull \hbox (9.83278pt too wide) in paragraph at lines 1790--1790
[]|\TU/Calibri(0)/m/n/10.95 DEJU|  
 []


Overfull \hbox (2.16292pt too wide) in paragraph at lines 1790--1790
[]|\TU/Calibri(0)/m/n/10.95 20|  
 []


Overfull \hbox (3.43251pt too wide) in paragraph at lines 1790--1790
[]|\TU/Calibri(0)/m/n/10.95 24|  
 []


Overfull \hbox (8.89973pt too wide) in paragraph at lines 1793--1793
[]|\TU/Calibri(0)/m/n/10.95 D19|  
 []


Overfull \hbox (10.2231pt too wide) in paragraph at lines 1793--1793
[]|\TU/Calibri(0)/m/n/10.95 HEAL|  
 []


Overfull \hbox (4.46735pt too wide) in paragraph at lines 1793--1793
[]|\TU/Calibri(0)/m/n/10.95 NA|  
 []


Overfull \hbox (8.89973pt too wide) in paragraph at lines 1796--1796
[]|\TU/Calibri(0)/m/n/10.95 D20|  
 []


Overfull \hbox (16.30226pt too wide) in paragraph at lines 1796--1796
[]|\TU/Calibri(0)/m/n/10.95 PUUM|  
 []


Overfull \hbox (1.90057pt too wide) in paragraph at lines 1796--1796
[]|\TU/Calibri(0)/m/n/10.95 NA|  
 []


Overfull \hbox (2.16292pt too wide) in paragraph at lines 1796--1796
[]|\TU/Calibri(0)/m/n/10.95 12|  
 []


Overfull \hbox (3.43251pt too wide) in paragraph at lines 1796--1796
[]|\TU/Calibri(0)/m/n/10.95 20|  
 []

File: Logo.png Graphic file (type bmp)
<Logo.png>

Package fancyhdr Warning: \headheight is too small (12.0pt): 
(fancyhdr)                Make it at least 60.9392pt, for example:
(fancyhdr)                \setlength{\headheight}{60.9392pt}.
(fancyhdr)                You might also make \topmargin smaller:
(fancyhdr)                \addtolength{\topmargin}{-48.9392pt}.

[26]
File: Logo.png Graphic file (type bmp)
<Logo.png>

Package fancyhdr Warning: \headheight is too small (12.0pt): 
(fancyhdr)                Make it at least 60.9392pt, for example:
(fancyhdr)                \setlength{\headheight}{60.9392pt}.
(fancyhdr)                You might also make \topmargin smaller:
(fancyhdr)                \addtolength{\topmargin}{-48.9392pt}.

[27]
File: Logo.png Graphic file (type bmp)
<Logo.png>

Package fancyhdr Warning: \headheight is too small (12.0pt): 
(fancyhdr)                Make it at least 60.9392pt, for example:
(fancyhdr)                \setlength{\headheight}{60.9392pt}.
(fancyhdr)                You might also make \topmargin smaller:
(fancyhdr)                \addtolength{\topmargin}{-48.9392pt}.

[28]
File: Logo.png Graphic file (type bmp)
<Logo.png>

Package fancyhdr Warning: \headheight is too small (12.0pt): 
(fancyhdr)                Make it at least 60.9392pt, for example:
(fancyhdr)                \setlength{\headheight}{60.9392pt}.
(fancyhdr)                You might also make \topmargin smaller:
(fancyhdr)                \addtolength{\topmargin}{-48.9392pt}.

[29]
File: Logo.png Graphic file (type bmp)
<Logo.png>

Package fancyhdr Warning: \headheight is too small (12.0pt): 
(fancyhdr)                Make it at least 60.9392pt, for example:
(fancyhdr)                \setlength{\headheight}{60.9392pt}.
(fancyhdr)                You might also make \topmargin smaller:
(fancyhdr)                \addtolength{\topmargin}{-48.9392pt}.

[30]

File: Logo.png Graphic file (type bmp)
<Logo.png>

Package fancyhdr Warning: \headheight is too small (12.0pt): 
(fancyhdr)                Make it at least 60.9392pt, for example:
(fancyhdr)                \setlength{\headheight}{60.9392pt}.
(fancyhdr)                You might also make \topmargin smaller:
(fancyhdr)                \addtolength{\topmargin}{-48.9392pt}.

[31]

File: Logo.png Graphic file (type bmp)
<Logo.png>

Package fancyhdr Warning: \headheight is too small (12.0pt): 
(fancyhdr)                Make it at least 60.9392pt, for example:
(fancyhdr)                \setlength{\headheight}{60.9392pt}.
(fancyhdr)                You might also make \topmargin smaller:
(fancyhdr)                \addtolength{\topmargin}{-48.9392pt}.

[32]

File: Logo.png Graphic file (type bmp)
<Logo.png>

Package fancyhdr Warning: \headheight is too small (12.0pt): 
(fancyhdr)                Make it at least 60.9392pt, for example:
(fancyhdr)                \setlength{\headheight}{60.9392pt}.
(fancyhdr)                You might also make \topmargin smaller:
(fancyhdr)                \addtolength{\topmargin}{-48.9392pt}.

[33]

File: Logo.png Graphic file (type bmp)
<Logo.png>

Package fancyhdr Warning: \headheight is too small (12.0pt): 
(fancyhdr)                Make it at least 60.9392pt, for example:
(fancyhdr)                \setlength{\headheight}{60.9392pt}.
(fancyhdr)                You might also make \topmargin smaller:
(fancyhdr)                \addtolength{\topmargin}{-48.9392pt}.

[34]

File: Logo.png Graphic file (type bmp)
<Logo.png>

Package fancyhdr Warning: \headheight is too small (12.0pt): 
(fancyhdr)                Make it at least 60.9392pt, for example:
(fancyhdr)                \setlength{\headheight}{60.9392pt}.
(fancyhdr)                You might also make \topmargin smaller:
(fancyhdr)                \addtolength{\topmargin}{-48.9392pt}.

[35]

File: Logo.png Graphic file (type bmp)
<Logo.png>

Package fancyhdr Warning: \headheight is too small (12.0pt): 
(fancyhdr)                Make it at least 60.9392pt, for example:
(fancyhdr)                \setlength{\headheight}{60.9392pt}.
(fancyhdr)                You might also make \topmargin smaller:
(fancyhdr)                \addtolength{\topmargin}{-48.9392pt}.

[36]
Underfull \hbox (badness 1048) in paragraph at lines 2084--2085
[]\TU/Calibri(0)/m/n/10.95 NEON (National Ecological Observatory Network). 2025
. Plant presence and percent cover 
 []


Overfull \hbox (9.15977pt too wide) in paragraph at lines 2106--2107
[]\TU/Calibri(0)/m/n/10.95 Domain  
 []


Overfull \hbox (2.10313pt too wide) in paragraph at lines 2112--2113
[]\TU/Calibri(0)/m/n/10.95 K_star  
 []


Overfull \hbox (13.42197pt too wide) in paragraph at lines 2114--2115
[]\TU/Calibri(0)/m/n/10.95 detection_K30  
 []


Overfull \hbox (11.70497pt too wide) in paragraph at lines 2116--2117
[]\TU/Calibri(0)/m/n/10.95 n_species_filtered  
 []


Overfull \hbox (9.15977pt too wide) in paragraph at lines 2122--2123
[]\TU/Calibri(0)/m/n/10.95 Domain  
 []


Overfull \hbox (2.10313pt too wide) in paragraph at lines 2128--2129
[]\TU/Calibri(0)/m/n/10.95 K_star  
 []


Overfull \hbox (13.42197pt too wide) in paragraph at lines 2130--2131
[]\TU/Calibri(0)/m/n/10.95 detection_K30  
 []


Overfull \hbox (11.70497pt too wide) in paragraph at lines 2132--2133
[]\TU/Calibri(0)/m/n/10.95 n_species_filtered  
 []

File: Logo.png Graphic file (type bmp)
<Logo.png>

Package fancyhdr Warning: \headheight is too small (12.0pt): 
(fancyhdr)                Make it at least 60.9392pt, for example:
(fancyhdr)                \setlength{\headheight}{60.9392pt}.
(fancyhdr)                You might also make \topmargin smaller:
(fancyhdr)                \addtolength{\topmargin}{-48.9392pt}.

[37]
File: appendix_tier0_power_20pct_all_sites.png Graphic file (type bmp)
<appendix_tier0_power_20pct_all_sites.png>


File: Logo.png Graphic file (type bmp)
<Logo.png>

Package fancyhdr Warning: \headheight is too small (12.0pt): 
(fancyhdr)                Make it at least 60.9392pt, for example:
(fancyhdr)                \setlength{\headheight}{60.9392pt}.
(fancyhdr)                You might also make \topmargin smaller:
(fancyhdr)                \addtolength{\topmargin}{-48.9392pt}.

[38]

File: Logo.png Graphic file (type bmp)
<Logo.png>

Package fancyhdr Warning: \headheight is too small (12.0pt): 
(fancyhdr)                Make it at least 60.9392pt, for example:
(fancyhdr)                \setlength{\headheight}{60.9392pt}.
(fancyhdr)                You might also make \topmargin smaller:
(fancyhdr)                \addtolength{\topmargin}{-48.9392pt}.

[39]
Overfull \vbox (32.72441pt too high) has occurred while \output is active []



File: Logo.png Graphic file (type bmp)
<Logo.png>

Package fancyhdr Warning: \headheight is too small (12.0pt): 
(fancyhdr)                Make it at least 60.9392pt, for example:
(fancyhdr)                \setlength{\headheight}{60.9392pt}.
(fancyhdr)                You might also make \topmargin smaller:
(fancyhdr)                \addtolength{\topmargin}{-48.9392pt}.

[40]
File: appendix_tier0_power_all_effects_all_sites.png Graphic file (type bmp)
<appendix_tier0_power_all_effects_all_sites.png>


File: Logo.png Graphic file (type bmp)
<Logo.png>

Package fancyhdr Warning: \headheight is too small (12.0pt): 
(fancyhdr)                Make it at least 60.9392pt, for example:
(fancyhdr)                \setlength{\headheight}{60.9392pt}.
(fancyhdr)                You might also make \topmargin smaller:
(fancyhdr)                \addtolength{\topmargin}{-48.9392pt}.

[41]
Overfull \vbox (32.6541pt too high) has occurred while \output is active []



File: Logo.png Graphic file (type bmp)
<Logo.png>

Package fancyhdr Warning: \headheight is too small (12.0pt): 
(fancyhdr)                Make it at least 60.9392pt, for example:
(fancyhdr)                \setlength{\headheight}{60.9392pt}.
(fancyhdr)                You might also make \topmargin smaller:
(fancyhdr)                \addtolength{\topmargin}{-48.9392pt}.

[42]
Overfull \hbox (15.3275pt too wide) in paragraph at lines 2228--2229
[]\TU/Calibri(0)/m/n/10.95 Domain  
 []


Overfull \hbox (21.39139pt too wide) in paragraph at lines 2236--2237
[]\TU/Calibri(0)/m/n/10.95 trend_K_star  
 []


Overfull \hbox (38.87794pt too wide) in paragraph at lines 2238--2239
[]\TU/Calibri(0)/m/n/10.95 trend_detection_K30  
 []


Overfull \hbox (14.85164pt too wide) in paragraph at lines 2240--2241
[]\TU/Calibri(0)/m/n/10.95 K_CV50  
 []


Overfull \hbox (14.85164pt too wide) in paragraph at lines 2242--2243
[]\TU/Calibri(0)/m/n/10.95 CV_K30  
 []


Overfull \hbox (15.3275pt too wide) in paragraph at lines 2248--2249
[]\TU/Calibri(0)/m/n/10.95 Domain  
 []


Overfull \hbox (21.39139pt too wide) in paragraph at lines 2256--2257
[]\TU/Calibri(0)/m/n/10.95 trend_K_star  
 []


Overfull \hbox (38.87794pt too wide) in paragraph at lines 2258--2259
[]\TU/Calibri(0)/m/n/10.95 trend_detection_K30  
 []


Overfull \hbox (14.85164pt too wide) in paragraph at lines 2260--2261
[]\TU/Calibri(0)/m/n/10.95 K_CV50  
 []


Overfull \hbox (14.85164pt too wide) in paragraph at lines 2262--2263
[]\TU/Calibri(0)/m/n/10.95 CV_K30  
 []


Overfull \hbox (3.12547pt too wide) in paragraph at lines 2300--2300
[]|\TU/Calibri(0)/m/n/10.95 WOOD|  
 []


Overfull \hbox (1.04562pt too wide) in paragraph at lines 2311--2311
[]|\TU/Calibri(0)/m/n/10.95 MOAB|  
 []


Overfull \hbox (1.33434pt too wide) in paragraph at lines 2327--2327
[]|\TU/Calibri(0)/m/n/10.95 PUUM|  
 []

File: Logo.png Graphic file (type bmp)
<Logo.png>

Package fancyhdr Warning: \headheight is too small (12.0pt): 
(fancyhdr)                Make it at least 60.9392pt, for example:
(fancyhdr)                \setlength{\headheight}{60.9392pt}.
(fancyhdr)                You might also make \topmargin smaller:
(fancyhdr)                \addtolength{\topmargin}{-48.9392pt}.

[43]
File: appendix_trend_detection_20pct_all_sites.png Graphic file (type bmp)
<appendix_trend_detection_20pct_all_sites.png>


File: Logo.png Graphic file (type bmp)
<Logo.png>

Package fancyhdr Warning: \headheight is too small (12.0pt): 
(fancyhdr)                Make it at least 60.9392pt, for example:
(fancyhdr)                \setlength{\headheight}{60.9392pt}.
(fancyhdr)                You might also make \topmargin smaller:
(fancyhdr)                \addtolength{\topmargin}{-48.9392pt}.

[44]

File: Logo.png Graphic file (type bmp)
<Logo.png>

Package fancyhdr Warning: \headheight is too small (12.0pt): 
(fancyhdr)                Make it at least 60.9392pt, for example:
(fancyhdr)                \setlength{\headheight}{60.9392pt}.
(fancyhdr)                You might also make \topmargin smaller:
(fancyhdr)                \addtolength{\topmargin}{-48.9392pt}.

[45]
Overfull \vbox (32.72441pt too high) has occurred while \output is active []



File: Logo.png Graphic file (type bmp)
<Logo.png>

Package fancyhdr Warning: \headheight is too small (12.0pt): 
(fancyhdr)                Make it at least 60.9392pt, for example:
(fancyhdr)                \setlength{\headheight}{60.9392pt}.
(fancyhdr)                You might also make \topmargin smaller:
(fancyhdr)                \addtolength{\topmargin}{-48.9392pt}.

[46]
File: appendix_trend_stability_cv_all_sites.png Graphic file (type bmp)
<appendix_trend_stability_cv_all_sites.png>

Underfull \hbox (badness 10000) in paragraph at lines 2346--2346
[]\TU/Calibri(0)/m/n/10.95 Figure 7: |Slope stability across all sites, showing
 the coefficient of variation (CV) of slope estimates as a
 []



File: Logo.png Graphic file (type bmp)
<Logo.png>

Package fancyhdr Warning: \headheight is too small (12.0pt): 
(fancyhdr)                Make it at least 60.9392pt, for example:
(fancyhdr)                \setlength{\headheight}{60.9392pt}.
(fancyhdr)                You might also make \topmargin smaller:
(fancyhdr)                \addtolength{\topmargin}{-48.9392pt}.

[47]
Overfull \vbox (46.3127pt too high) has occurred while \output is active []



File: Logo.png Graphic file (type bmp)
<Logo.png>

Package fancyhdr Warning: \headheight is too small (12.0pt): 
(fancyhdr)                Make it at least 60.9392pt, for example:
(fancyhdr)                \setlength{\headheight}{60.9392pt}.
(fancyhdr)                You might also make \topmargin smaller:
(fancyhdr)                \addtolength{\topmargin}{-48.9392pt}.

[48] 
enddocument/afterlastpage (AED): lastpage setting LastPage.
(plantDiv20260427.aux)
 ***********
LaTeX2e <2025-06-01> patch level 1
L3 programming layer <2025-06-09>
 ***********

LaTeX Warning: There were multiply-defined labels.

 ) 
Here is how much of TeX's memory you used:
 24479 strings out of 403337
 461863 string characters out of 5462419
 1160492 words of memory out of 5000000
 52503 multiletter control sequences out of 15000+600000
 637561 words of font info for 143 fonts, out of 8000000 for 9000
 1348 hyphenation exceptions out of 8191
 90i,20n,116p,1015b,678s stack positions out of 10000i,1000n,20000p,200000b,200000s

Output written on plantDiv20260427.pdf (52 pages).
